"FACID","address"
10000024,"2885 HARRIS ST, EUREKA CA 95503"
10000461,"347 ANDRIEUX ST., SONOMA CA 95476"
10001147,"825 SONOMA AVENUE, SUITE B, SANTA ROSA CA 95403"
20000037,"26660 PATRICK AVENUE, HAYWARD CA 94544"
20000094,"2100 PARKSIDE DRIVE, FREMONT CA 94536"
20000109,"21238 ROYAL AVENUE, HAYWARD CA 94541"
20000112,"2131 CARLETON STREET, BERKELEY CA 94704"
20000348,"1528 SEAVER COURT, HAYWARD CA 94545"
20000629,"26005 PETERMAN AVENUE, HAYWARD CA 94545"
20000630,"4041 CRESTWOOD STREET, FREMONT CA 94538"
20000677,"16829 DARYL AVENUE, SAN LORENZO CA 94580"
20000681,"16837 DARYL AVENUE, SAN LORENZO CA 94580"
20001271,"12657 ALCOSTA BOULEVARD, SAN RAMON CA 94583"
20001287,"2849 MIRANDA AVENUE, ALAMO CA 94507"
30000046,"2540 CARMICHAEL WAY, CARMICHAEL CA 95608"
30000108,"200 MISSION BLVD, JACKSON CA 95642"
30000112,"5151 F ST, SACRAMENTO CA 95819"
30000134,"1 MEDICAL PLAZA DR, ROSEVILLE CA 95661"
30000151,"2801 L ST, SACRAMENTO CA 95816"
30000244,"201 29TH ST, SACRAMENTO CA 95816"
30000247,"729 SUNRISE AVE, ROSEVILLE CA 95661"
30000248,"1820 J ST, SACRAMENTO CA 95811"
30000251,"678 N WILSON WAY, STOCKTON CA 95205"
30000301,"1325 COTTONWOOD ST, WOODLAND CA 95695"
30000463,"3290 PROFESSIONAL DRIVE, AUBURN CA 95603"
30000530,"310 OAK RIDGE DR, ROSEVILLE CA 95661"
30000786,"5385 FRANKLIN BLVD, SACRAMENTO CA 95820"
30000787,"430 PALORA AVE., #C, YUBA CITY CA 95991"
30000795,"5700 WATT AVE, NORTH HIGHLANDS CA 95660"
30000958,"250 ELM AVE, AUBURN CA 95603"
30001019,"520 COTTONWOOD ST, WOODLAND CA 95695"
30001023,"3123 PROFESSIONAL DR, AUBURN CA 95603"
30001064,"1100 MARSHALL WAY, PLACERVILLE CA 95667"
30001103,"1425 S CENTER ST, STOCKTON CA 95206"
30001120,"1900 T ST, SACRAMENTO CA 95811"
30001186,"1270 SUZANNE DRIVE, ANGELS CAMP CA 95221"
30001203,"8665 SALMON AVE, KINGS BEACH CA 96143"
30001204,"11583 C AVE, AUBURN CA 95603"
30001232,"1125 10TH ST, SACRAMENTO CA 95814"
30001240,"175 W COURT ST, WOODLAND CA 95695"
30001528,"965 E YOSEMITE AVE, MANTECA CA 95336"
30001598,"965 E YOSEMITE AVE, MANTECA CA 95336"
30001680,"2805 J ST, SACRAMENTO CA 95816"
30001686,"5440 LAUREL HILLS DR, SACRAMENTO CA 95841"
30001785,"8120 TIMBERLAKE WAY, SACRAMENTO CA 95823"
30001793,"223 CLINTON RD, JACKSON CA 95642"
30001797,"530 W EATON AVE, TRACY CA 95376"
30001803,"4 MEDICAL PLAZA DR, ROSEVILLE CA 95661"
30001808,"18880 CHERRY VALLEY BLVD, TUOLUMNE CA 95379"
30001812,"678 3RD ST, WOODLAND CA 95695"
30001821,"2240 NORTHROP AVE, SACRAMENTO CA 95825"
40000049,"3408 E SHIELDS AVE, FRESNO CA 93726"
40000272,"125 E. BARSTOW,#111, FRESNO CA 93710"
40000273,"985 SOUTH WILLOW, SUITE 104-105, FRESNO CA 93727"
40000274,"3004 NORTH FRESNO ST, FRESNO CA 93702"
40000275,"3680 EAST DAKOTA ST., FRESNO CA 93726"
40000276,"1100 W. SHAW AVE,130, FRESNO CA 93711"
40000278,"2251 COUNTRY CLUB LN, SELMA CA 93662"
40000279,"255 WEST BULLARD, CLOVIS CA 93612"
40000280,"255 WEST BULLARD, CLOVIS CA 93612"
40000281,"48677 VICTORIA LANE/P.O. BOX 2365, OAKHURST CA 93644"
40000282,"215 W. CENTER STREET, HANFORD CA 93230"
40000283,"6073 NORTH FIRST ST., FRESNO CA 93710"
40000285,"6073 NORTH FIRST ST., FRESNO CA 93710"
40000289,"1601 LEWIS STREET/P.O. BOX 525, KINGSBURG CA 93631"
40000294,"637 EAST ELM, COALINGA CA 93210"
40000298,"700 WEST OLIVE AVENUE, SUITE E, MERCED CA 95348"
40000299,"2808 PARK AVE. STE B, MERCED CA 95348"
40000300,"2808 PARK AVE. STE B, MERCED CA 95348"
40000340,"2141 HIGH ST., STE B, SELMA CA 93662"
40000358,"6061 N. FIRST, STE 102, FRESNO CA 93710"
40000446,"3327 'M' ST., STE. A, MERCED CA 95348"
40000457,"5085 BULLION STREET, MARIPOSA CA 95338"
40000480,"1392 BAILEY DRIVE, HANFORD CA 93230"
40000481,"1326 PATTERSON, CORCORAN CA 93212"
40000482,"590 SKYLINE BLVD., AVENAL CA 93204"
40000483,"55 EAST  'D' ST., STE M, LEMOORE CA 93245"
40000484,"14277 ROAD 28, MADERA CA 93639"
40000485,"49269 GOLDEN OAK #203, PO BOX 2131, OAKHURST, BOX 2131 CA 93644"
40000491,"6335 N. FRESNO STREET, FRESNO CA 93710"
40000494,"1221 FULTON MALL, FRESNO CA 93721"
40000495,"445 SOUTH CEDAR, FRESNO CA 93702"
40000496,"650 WEST SIERRA AVE, FRESNO CA 93704"
40000497,"1221 FULTON MALL, FRESNO CA 93721"
40000500,"275 S. MADERA, SUITE 103, KERMAN CA 93630"
40000501,"8669 MAIN STREET, SAN JOAQUIN CA 93660"
40000502,"445 11TH STREET, ORANGE COVE CA 93646"
40000503,"33326 NORTH LODGE RD, TOLLHOUSE CA 93667"
40000504,"148 WEST ELM, COALINGA CA 93210"
40000506,"30 E. MINARETS AVE, FRESNO CA 93650"
40000507,"815 SIXTH STREET, REEDLEY CA 93654"
40000508,"619-B 'N' STREET, SANGER CA 93657"
40000510,"302 FRESNO ST.,#207, FRESNO CA 93706"
40000515,"1200 SUNNYSIDE AVENUE, SUITE C, CLOVIS CA 93612"
40000521,"2570 JENSEN AVENUE, STE.108, SANGER CA 93657"
40000524,"1392 BAILEY DRIVE, HANFORD CA 93230"
40000526,"539 N. VAN NESS, FRESNO CA 93728"
40000527,"2851 SOUTH ORANGE, FRESNO CA 93725"
40000529,"1100 W. LACEY BLVD., HANFORD CA 93230"
40000553,"3636 N. FIRST, # 160, FRESNO CA 93726"
40000554,"31985 LODGE ROAD, #102, AUBERRY CA 93602"
40000555,"6061 N. FIRST STREET, FRESNO CA 93710"
40000563,"8098 NORTH ARMSTRONG, CLOVIS CA 93612"
40000564,"1070 EAST TEAGUE, FRESNO CA 93710"
40000565,"6265 NORTH GRANTLAND, FRESNO CA 93722"
40000566,"2045 N. DICKENSON AVE., FRESNO CA 93722"
40000567,"3224 EAST CENTRAL, MALAGA CA 93725"
40000569,"6143 N. FRESNO ST., 107, FRESNO CA 93710"
40000571,"570 COLLINS DRIVE, MERCED CA 95348"
40000574,"5072 BULLION/BOX 69, MARIPOSA CA 95338"
40000596,"460 N. GREENFIELD, #6, HANFORD CA 93230"
40000597,"1189 E. HERNDON AVE., #106, FRESNO CA 93710"
40000598,"1189 E. HERNDON AVE., # 106, FRESNO CA 93710"
40000599,"2191 E. SIERRA AVE., CLOVIS CA 93612"
40000602,"5072 BULLION STREET, BOX 69     MARIPOSA CA 95338"
40000629,"1310 HANNA AVENUE, SUITE 1, CORCORAN CA 93212"
40000631,"303 'I' STREET, LOS BANOS CA 93635"
40000632,"205 NORTH BLACKSTONE, FRESNO CA 93701"
40000651,"4411 EAST KINGS CANYON ROAD, FRESNO CA 93702"
40000666,"6073 NORTH FIRST STREET, FRESNO CA 93710"
40000670,"1448 WASHINGTON STREET, KINGSBURG CA 93631"
40000672,"828 EMILY WAY, MADERA CA 93637"
40000673,"828 EMILY WAY, MADERA CA 93637"
40000674,"36617 CENTRAL AVENUE, HURON CA 93234"
40000705,"420 WEST YOSEMITE AVENUE, MADERA CA 93637"
40000716,"1145 PHELPS AVENUE, SUITE NO. 101, COALINGA CA 93210"
40000717,"1190 W. OLIVE, SUITE D, MERCED CA 95340"
40000720,"5475 NORTH FRESNO, SUITE #110, FRESNO CA 93710"
40000733,"630 N. IRWIN STREET, HANFORD CA 93230"
40000753,"40131 HIGHWAY 49 SOUTH, OAKHURST CA 93644"
40000759,"1357 WEST SHAW, SUITE #101, FRESNO CA 93711"
40000763,"5180 N. FRESNO ST., STE. 103, FRESNO CA 93710"
40000774,"3000 NORTH FRESNO, SUITE 2934, FRESNO CA 93703"
40000818,"560 WEST GRANGEVILLE, SUITE A, HANFORD CA 93230"
40000835,"255 WEST BULLARD #114, CLOVIS CA 93612"
40000836,"255 WEST BULLARD #114, CLOVIS CA 93612"
40000837,"6061 NORTH FIRST, NO. 102, FRESNO CA 93710"
40000840,"545 5TH STREET, GUSTINE CA 95322"
40000849,"1754 E. BULLARD, #103, FRESNO CA 93710"
40000872,"2763 EAST SHAW #102, FRESNO CA 93710"
40000873,"2763 EAST SHAW, SUITE 102, FRESNO CA 93710"
40000878,"32938 ROAD 222, NORTH FORK CA 93643"
40000879,"275 SOUTH MADERA AVE., #104, KERMAN CA 93630"
40000921,"6143 N. FRESNO STREET, SUITE #107, FRESNO CA 93710"
40000963,"5004-B HIGHWAY 140, P.O. BOX 129, MARIPOSA CA 95538"
40000973,"49063 ROAD 426, PROF. CTR., SUITE C, OAKHURST CA 93644"
40000978,"1562 WEST CLARE AVE, PORTERVILLE CA 93257"
40001011,"677 SOUTH SIERRA ST, PORTERVILLE CA 93257"
40001014,"145 SHAW, SUITE A, CLOVIS CA 93612"
40001015,"145 SHAW AVENUE, SUITE A, CLOVIS CA 93612"
40001017,"2138 MARGUERITE STREET, DOS PALOS CA 93620"
40001055,"869 WEST LACEY BLVD., SUITE B, HANFORD CA 93230"
40001115,"6049 NORTH FIRST STREET, NO. 101, FRESNO CA 93710"
40001121,"6049 N. FIRST STREET, #101, FRESNO CA 93710"
40001190,"5690 NORTH FRESNO STREET, FRESNO CA 93710"
40001393,"36471 S. LASSEN, HURON CA 93234"
40001406,"1275 W SHAW AVE, FRESNO CA 93711"
60000086,"6336 S. PASSONS BLVD., PICO RIVERA CA 90661"
60000116,"200 W. CENTER STREET PROMENADE, ANAHEIM CA 92805"
60000118,"11721 A  TELEGRAPH RD, SANTA FE SPRINGS CA 90607"
60000198,"2701 W. BEVERLY BLVD., LOS ANGELES CA 90057"
60000214,"612 W. SHORT STREET, ALHAMBRA CA 91803"
60000218,"1101 W. MAGNOLIA BLVD., BURBANK CA 91502"
60000220,"4150 OVERLAND BLVD., CULVER CITY CA 90230"
60000224,"8019 S. COMPTON AVENUE, LOS ANGELES CA 90001"
60000228,"22310 WARDHAM STREET, HAWAIIAN GARDENS CA 90716"
60000230,"10616 S. WESTERN AVENUE, LOS ANGELES CA 90047"
60000235,"14616 S. GREVILLEA AVE, LAWNDALE CA 90260"
60000246,"2032 MARENGO STREET, LOS ANGELES CA 90033"
60000256,"5300 TUJUNGA AVENUE, NORTH HOLLYWOOD CA 91601"
60000257,"12360 E. FIRESTONE BLVD., NORWALK CA 90650"
60000263,"15312 PARAMOUNT BLVD., PARAMOUNT CA 90723"
60000270,"1720 BEVERLY BLVD., LOS ANGELES CA 90020"
60000271,"3407 W. 6TH STREET, LOS ANGELES CA 90020"
60000272,"1720 E. 120TH STREET, LOS ANGELES CA 90059"
60000280,"322 W. COMPTON BLVD., COMPTON CA 90220"
60000282,"2505 E. FOOTHILL BLVD., LA CRESCENTA CA 91214"
60000284,"1937 HOSPITAL PLACE, LOS ANGELES CA 90033"
60000286,"1200 N. MAIN ST. #300, SANTA ANA CA 92701"
60000455,"3140 REDHILL AVENUE, #150, COSTA MESA CA 92626"
60000467,"1401 CHESTNUT AVENUE, SUITE 1, LONG BEACH CA 90813"
60000484,"27800 MEDICAL CTR#304, MISSION VIEJO CA 92675"
60000485,"3115 REDHILL, COSTA MESA CA 92626"
60000487,"12912 BROOKHURST, GARDEN GROVE CA 92640"
60000489,"9045 CANOGA AVENUE, CANOGA PARK CA 91356"
60000501,"7747 FOOTHILL BLVD., TUJUNGA CA 91042"
60000507,"441 BAUCHET STREET, LOS ANGELES CA 90012"
60000508,"4500 E. CITY TERRACE DRIVE, LOS ANGELES CA 90012"
60000510,"150 N. AZUSA AVENUE, AZUSA CA 91702"
60000512,"6912 AJAX AVENUE, BELL GARDENS CA 90202"
60000515,"300 E. ROSECRANS AVENUE, COMPTON CA 90221"
60000523,"6538 MILES AVENUE, HUNTINGTON PARK CA 90256"
60000619,"30818 S  COAST HWY, SOUTH LAGUNA CA 92651"
60000628,"483 CITY DR. SOUTH, ORANGE CA 92668"
60000649,"5926 MONTEREY ROAD, LOS ANGELES CA 90042"
60000663,"7851 WALKER STREET, #202, LA PALMA CA 90623"
60000664,"7851 WALKER ST.#202, LA PALMA CA 90623"
60000709,"345 TACHEVAH STE.5, PALM SPRINGS CA 92262"
60000737,"28261 MARGUERITE PARKWAY, #170, MISSION VIEJO CA 92692"
60000762,"1347 TAVERN RD. #6, ALPINE CA 92001"
60000831,"6462 INDUSTRY WAY, #B, WESTMINSTER CA 92683"
60000836,"4024 N. DURFEE ROAD, EL MONTE CA 91732"
60000850,"12912 BROOKHURST, GARDEN GROVE CA 92640"
60000974,"626 N. CORONADO TERRACE, LOS ANGELES CA 90028"
60001038,"200 W. CENTER STREET PROMENADE, ANAHEIM CA 92805"
60001138,"1500 S. MCDONNELL AVENUE, LOS ANGELES CA 90022"
60001171,"1500 S. MCDONNELL AVENUE, LOS ANGELES CA 90022"
60001186,"1180 N. BRADFORD AVENUE, PLACENTIA CA 92670"
60001218,"6 VENTURE, SUITE 300, IRVINE CA 92718"
60001255,"2701 S BRISTOL ST, SANTA ANA CA 92704"
60001378,"2701 S BRISTOL ST, SANTA ANA CA 92704"
60001498,"215 SUMMER AVENUE, CATALINA ISLAND CA 90704"
60001499,"122 W. 8TH STREET, SAN PEDRO CA 90731"
60001633,"16111 PLUMMER STREET, SEPULVEDA CA 91343"
60001748,"5150 MURPHY CANYON RD, SAN DIEGO CA 92123"
60002029,"11254 GOTHIC AVE., #S-104, GRANADA HILLS CA 91344"
60002030,"13330 VAUGHN STREET, SAN FERNANDO CA 91340"
60002058,"17331 VALLEY BLVD, LA PUENTE CA 91744"
70000239,"950 W. JULIAN ST., SAN JOSE CA 95126"
70000242,"80 CENTRAL AV. #40, MORGAN HILL CA 95037"
70000245,"195 E. VIRGINIA STREET, SAN JOSE CA 95110"
70000250,"1075 SANTA CLARA ST., SAN JOSE CA 95112"
70000257,"1200 AGUAJITO ROAD, MONTEREY CA 93940"
70000261,"320 CHURCH STREET, SALINAS CA 93901"
70000262,"320 4TH STREET, HOLLISTER CA 95023"
70000265,"1675 BURDETTE AVENUE, SUITE B, SAN JOSE CA 95121"
70000267,"1215 FIRST STREET, GILROY CA 95020"
70000393,"195 STOCKTON STREET, SAN JOSE CA 95112"
70000438,"841 BLOSSOM HILL ROAD, STE. 101, SAN JOSE CA 95123"
70000439,"7880 WREN AVE, #D142, GILROY CA 95020"
70000440,"2505 SAMARITAN DRIVE, #104, SAN JOSE CA 95124"
70000445,"1688 WILLOW ST, 'K', SAN JOSE CA 95125"
70000446,"135-C MONTE VISTA DR., WATSONVILLE CA 95076"
70000456,"18805 COX AVENUE, SUITE 130, SARATOGA CA 95070"
70000457,"746 ALTOS OAKS DR., LOS ALTOS CA 94022"
70000460,"1083 SOUTH MAIN ST., SALINAS CA 93901"
70000461,"990 W. FREMONT AVENUE, SUITE D, SUNNYVALE CA 94087"
70000462,"1580 S. WINCHESTER BLVD., SUITE 108, CAMPBELL CA 95008"
70000468,"809 CUESTA DR., SUITE 200, MOUNTAIN VIEW CA 94040"
70000474,"3906 MIDDLEFIELD ROAD, PALO ALTO CA 94303"
70000490,"549 FREDERICK ST., SANTA CRUZ CA 95062"
70000497,"1101 'F' N. MAIN ST., SALINAS CA 93906"
70000498,"1075 E. SANTA CLARA, SAN JOSE CA 95116"
70000500,"250 WASHBURN AVENUE, CAPITOLA CA 95010"
70000513,"880 MIDDLEFIELD ROAD, PALO ALTO CA 94301"
70000516,"230 PALA AVENUE, BLDG. C, SAN JOSE CA 95128"
70000521,"231 GRANT AVENUE, PALO ALTO CA 94306"
70000522,"614 TULLY ROAD, SAN JOSE CA 95112"
70000524,"17770 MONTEREY ROAD, MORGAN HILL CA 95037"
70000537,"10320 SOUTH DE ANZA BLVD., #1A, CUPERTINO CA 95014"
70000556,"320 CHURCH STREET, SALINAS CA 93901"
70000575,"7101 MONTEREY ST.'D', GILROY CA 95020"
70000577,"210 CANAL STREET, KING CITY CA 93930"
70000582,"820 MALONE ROAD, SAN JOSE CA 95125"
70000589,"133 4TH STREET, GONZALES CA 93926"
70000596,"1460 SARATOGA AVENUE, SARATOGA CA 95070"
70000597,"7888 WREN AVENUE, BLDG. A-110, GILROY CA 95020"
70000610,"3185 ANDORA DRIVE, SAN JOSE CA 95127"
70000612,"55 E. HAMILTON AVE, CAMPBELL CA 95008"
70000618,"26 S. 12TH STREET, SAN JOSE CA 95112"
70000622,"1440 ROBERTS AVENUE, SAN JOSE CA 95122"
70000624,"278 HOPE ST. STE. E, MOUNTAIN VIEW CA 94041"
70000632,"1174 CASTRO STREET, SUITE 250, MOUNTAIN VIEW CA 94040"
70000634,"2901 PARK AV., #A2, SOQUEL CA 95073"
70000637,"966 BOSTWICH LANE, SANTA CRUZ CA 95062"
70000638,"93 NO. 14TH STREET, SAN JOSE CA 95112"
70000641,"5272 SCOTTS VALLEY D, SCOTTS VALLEY CA 95066"
70000647,"851 FREMONT AVENUE, #110, LOS ALTOS CA 94024"
70000660,"278 HOPE ST. STE. E, MOUNTAIN VIEW CA 94041"
70000666,"2975 SCOTT BLVD.#109, SANTA CLARA CA 95054"
70000672,"9059 SOQUEL DR. ST C, APTOS CA 95003"
70000673,"3153 DEFOREST ROAD, SUITE B, MARINA CA 93933"
70000677,"8560 CHURCH, GILROY CA 95020"
70000678,"8560 CHURCH STREET, GILROY CA 95920"
70000703,"7539 SOQUEL DRIVE, APTOS CA 95003"
70000705,"10430 SOUTH DE ANZA BLVD, SUITE 170, CUPERTINO CA 95014"
70000728,"24285 LINCOLN STREET, CHUALAR CA 93925"
70000732,"112 THICKET LANE, FREEDOM CA 95019"
70000741,"2337 FOREST AVENUE, SAN JOSE CA 95128"
70000769,"2145 THE ALAMEDA, #103, SAN JOSE CA 95126"
70000788,"2516 SAMARITAN DRIVE, SUITE M, SAN JOSE CA 95124"
70000794,"2625 ZANKER ROAD, SAN JOSE CA 95134"
70000795,"206 CALIFORNIA STREET, PALO ALTO CA 94301"
70000799,"1200 H 41ST  AVENUE, CAPITOLA CA 95010"
70000812,"700 FREDERICK STREET, SUITE 204, SANTA CRUZ CA 95062"
70000814,"851 FREMONT AVENUE  STE 110, LOS ALTOS CA 94024"
70000854,"17637 VIERRA CANYON ROAD, PRUNEDALE CA 93907"
70000876,"163 EAST HAMILTON AVENUE, CAMPBELL CA 95008"
70000892,"1333 PIEDMONT ROAD, SUITE 108, SAN JOSE CA 95132"
70000917,"1688 WILLOW STREET, 'K', SAN JOSE CA 95125"
70000939,"3600 W. BAYSHORE ROAD, SUITE 202, PALO ALTO CA 94303"
70000955,"226 AIRPORT PARKWAY, SUITE 170, SAN JOSE CA 95110"
70001007,"12961 VILLAGE DRIVE, SARATOGA CA 95070"
70001016,"730 EMPEY WAY, SAN JOSE CA 95128"
70001073,"88 MAIN STREET, LOS ALTOS CA 94022"
70001234,"3470 BUSKIRK AVENUE, PLEASANT HILL CA 94523"
70001241,"1900 POWELL STREET, EMERYVILLE CA 94608"
80000260,"1964 VIA CENTRE DRIVE, VISTA CA 92081"
80001730,"2535 CAMINO DEL RIO S, SAN DIEGO CA 92108"
90000271,"7841 EL CAJON BOULEVARD, LA MESA CA 91941"
90000294,"4518 54TH ST.,STE.#1, SAN DIEGO CA 92115"
90000297,"531 16TH STREET, SAN DIEGO CA 92101"
90000298,"731 MAIN STREET, EL CENTRO CA 92243"
90000380,"4045 THIRD AVE. #202, SAN DIEGO CA 92103"
90000516,"123 WEST MAIN ST., EL CAJON CA 92020"
90000518,"506 FOURTH STREET, CALEXICO CA 92231"
90000519,"225 'A' STREET, BRAWLEY CA 92227"
90000545,"535 RIVER ROAD, CALEXICO CA 92231"
90000591,"590 S. MAGNOLIA AVENUE, EL CAJON CA 92020"
90000626,"7844 LA MESA BLVD., LA MESA CA 91941"
90000647,"8401 GRANT AVE, LA MESA CA 91941"
90000791,"3851 ROSECRANS ST., SAN DIEGO CA 92110"
90000797,"3320 KEMPER #104, SAN DIEGO CA 92110"
90000856,"222 LEWIS STREET, SAN DIEGO CA 92103"
90000862,"2555 CAMINO DEL RIO SOUTH, STE 101, SAN DIEGO CA 92108"
90000867,"1331 CLARK ROAD, EL CENTRO CA 92243"
90000868,"1073 W. ROSS AVENUE, STE.F, EL CENTRO CA 92243"
90000910,"340 4TH AVENUE, #21, CHULA VISTA CA 91910"
90000916,"190 NORTH ORANGE AVE.,STE.A, EL CAJON CA 92020"
90000950,"10225 AUSTIN DR. #204, SPRING VALLEY CA 91978"
90000966,"191 MAGNOLIA, BRAWLEY CA 92227"
90001001,"1295 STATE STREET, EL CENTRO CA 92243"
90001145,"299 PROSPECT PLACE, CORONADO CA 92118"
90001295,"690 OTAY LAKES ROAD, CHULA VISTA CA 91910"
90001478,"3515 SWEETWATER SPRINGS BLVD., #9, SPRING VALLEY CA 91978"
100000002,"2120 STOCKTON BLVD, SACRAMENTO CA 95817"
100000039,"442 E HAMPTON ST, STOCKTON CA 95204"
100000048,"9461 BATEY AVE, ELK GROVE CA 95624"
100000084,"415 P ST, SACRAMENTO CA 95814"
100000086,"1319 N MADISON ST, STOCKTON CA 95202"
100000104,"800 S HAM LN, LODI CA 95242"
100000171,"245 NEW YORK RANCH RD, JACKSON CA 95642"
100000178,"1207 FAIRCHILD CT, WOODLAND CA 95695"
100000187,"7830 OMEGA WAY, STOCKTON CA 95212"
100000237,"11775 EDUCATION ST, AUBURN CA 95602"
100000495,"790 TAHOE ST, MANTECA CA 95337"
100000814,"9289 BRANSTETTER PL, STOCKTON CA 95209"
100000934,"3630 BUSINESS DR, SACRAMENTO CA 95820"
100000969,"3630 BUSINESS DR, SACRAMENTO CA 95820"
100000998,"304 WAWONA ST, MANTECA CA 95337"
100001187,"9370 W STOCKTON BLVD, ELK GROVE CA 95757"
100001207,"1050 FULTON AVE, SACRAMENTO CA 95864"
100001277,"11879 KEMPER RD, AUBURN CA 95603"
100001288,"1234 U ST, SACRAMENTO CA 95818"
100001398,"2812 APPLING CIR, STOCKTON CA 95209"
100001548,"9299 E STOCKTON BLVD, ELK GROVE CA 95624"
100001594,"8351 HAMILTON WAY, STOCKTON CA 95209"
100001649,"37 W YOKUTS AVE, STOCKTON CA 95207"
100001676,"1515 SHASTA DR, DAVIS CA 95616"
100001809,"2710 GATEWAY OAKS DR, SACRAMENTO CA 95833"
110000084,"101 S ORCHARD AVE, VACAVILLE CA 95688"
110000170,"1125 16TH STREET, ARCATA CA 95521"
110000171,"2103 MYRTLE AVE., EUREKA CA 95501"
110000173,"2800 CLEVELAND AV#11, SANTA ROSA CA 95401"
110000175,"2933 H STREET, EUREKA CA 95501"
110000176,"720 WOOD STREET, EUREKA CA 95501"
110000178,"7000 B HIGHWAY 53, CLEARLAKE CA 95422"
110000179,"790B S. FRANKLIN, FORT BRAGG CA 95437"
110000180,"1788 SOUTH MAIN, WILLITS CA 95490"
110000183,"2344 OLD SONOMA RD, NAPA CA 94558"
110000184,"2344 OLD SONOMA RD, NAPA CA 94558"
110000185,"2447 OLD SONOMA RD., NAPA CA 94558"
110000186,"1360 ADAMS STREET, ST HELENA CA 94574"
110000187,"1303 COLLEGE AVE, SANTA ROSA CA 95404"
110000194,"3333 CHANATE ROAD, SANTA ROSA CA 95404"
110000195,"1360 N. MC DOWELL BLVD, PETALUMA CA 94952"
110000197,"841 FIRST STREET, BENICIA CA 94510"
110000199,"228 BROADWAY, VALLEJO CA 94590"
110000200,"1140 PITT SCHOOL RD, DIXON CA 95620"
110000201,"479 MASON ST. #225, VACAVILLE CA 95688"
110000202,"228 BROADWAY, VALLEJO CA 94590"
110000203,"1735 ENTERPRISE DR.,BLDG 3, FAIRFIELD CA 94533"
110000233,"347 ANDRIEUX ST, SONOMA CA 95476"
110000267,"169 LYNCH CREEK WAY, PETALUMA CA 94952"
110000268,"7064 CORLINE CT. B-2, SEBASTOPOL CA 95472"
110000269,"846 SOUTH DORA ST., UKIAH CA 95482"
110000271,"3700 MONTGOMERY DR., SANTA ROSA CA 95405"
110000272,"1456 PROFESSIONAL DR, PETALUMA CA 94952"
110000273,"46 MADRONE STREET, WILLITS CA 95490"
110000274,"1144 #107,SONOMA AVE, SANTA ROSA CA 95405"
110000276,"11 MOSSWOOD CIRCLE, CAZADERO CA 95462"
110000277,"1173 11TH. STREET, LAKEPORT CA 95453"
110000278,"127 HOSPITAL DRIVE, #101, VALLEJO CA 94589"
110000279,"844 SO.DORA ST., UKIAH CA 95482"
110000281,"1103 TRANCAS ST., NAPA CA 94558"
110000282,"181 ANDRIEUX,#111, SONOMA CA 95476"
110000283,"1331 MEDICAL CENTER DRIVE #A, ROHNERT PARK CA 94928"
110000284,"1144 SONOMA AVE.#107, SANTA ROSA CA 95405"
110000285,"1472 GLENBROOK DRIVE, SANTA ROSA CA 95401"
110000287,"3434 VILLA LANE #250, NAPA CA 94558"
110000289,"441 MARCH AVENUE, SUITE B, HEALDSBURG CA 95448"
110000290,"461 7TH STREET W, SONOMA CA 95476"
110000291,"302 TEDFORD AVE, UKIAH CA 95482"
110000292,"1103 TRANCAS ST, NAPA CA 94558"
110000293,"302 TEDFORD AVE., UKIAH CA 95482"
110000294,"1930 PENNSYLVANIA, FAIRFIELD CA 94533"
110000295,"1331 MEDICAL CENTER DRIVE, #A, ROHNERT PARK CA 94928"
110000296,"429 E. COTATI AVE., COTATI CA 94928"
110000297,"2822 HARRIS ST., EUREKA CA 95501"
110000298,"940 ADAMS ST.,STE A, BENICIA CA 94510"
110000302,"940 ADAMS ST.STE.A, BENICIA CA 94510"
110000303,"8099 LA PLAZA,STE.#1, COTATI CA 94928"
110000304,"1144 SONOMA AVE.#107, SANTA ROSA CA 95404"
110000305,"8910 SONOMA HWY, KENWOOD CA 95452"
110000312,"1710 SOSCOL AVENUE, SUITE #1, NAPA CA 94559"
110000337,"564 S.DORA ST.STE.B, UKIAH CA 95482"
110000377,"4769 HOEN AVE, SANTA ROSA CA 95405"
110000382,"915 SO. DORA ST., UKIAH CA 95482"
110000383,"915 SO. DORA ST., UKIAH CA 95482"
110000385,"80 SOUTH ST., WILLITS CA 95490"
110000386,"80 SOUTH ST, WILLITS CA 95490"
110000398,"2255 CHALLENGER WAY #104, SANTA ROSA CA 95407"
110000399,"2255 CHALLENGER WAY, #104, SANTA ROSA CA 95407"
110000400,"2255 CHALNGER WY#104, SANTA ROSA CA 95407"
110000411,"21298 CALISTOGA RD., MIDDLETOWN CA 95461"
110000412,"380 PITT AVE., SEBASTOPOL CA 95472"
110000414,"611 BUCK AVE., VACAVILLE CA 95688"
110000415,"8890 LAKEWOOD DR., WINDSOR CA 95492"
110000416,"441 MARCH AVE., HEALDSBURG CA 95448"
110000417,"1001 NUT TREE ROAD, SUITE #130, VACAVILLE CA 95687"
110000421,"121 A BOATYARD DRIVE, FORT BRAGG CA 95437"
110000424,"860 WAUGH LANE,H-4, UKIAH CA 95482"
110000425,"127 HOSPITAL DRIVE #101, VALLEJO CA 94589"
110000430,"1144 SONOMA AVE.#107, SANTA ROSA CA 95405"
110000433,"4729-A HOEN AVE, SANTA ROSA CA 95405"
110000442,"511 ELM ST, GARBERVILLE CA 95542"
110000443,"1128 EDWARDS AVE, SANTA ROSA CA 95401"
110000445,"190 ORCHARD,#B-105, VACAVILLE CA 95688"
110000451,"169 LYNCH CREEK WAY, PETALUMA CA 94952"
110000452,"1260 N. DUTTON,STE.#200, SANTA ROSA CA 95401"
110000453,"19100 D ST. P.O.BOX 619, MONTE RIO CA 95462"
110000455,"727 CEDAR STREET, GARBERVILLE CA 95542"
110000463,"640 LARKFIELD CTR., SANTA ROSA CA 95403"
110000466,"1476 PROFESSIONAL DRIVE #504, PETALUMA CA 94952"
110000478,"1197 CHESTNUT, FORT BRAGG CA 95437"
110000494,"3895 PRINCETON DRIVE, SANTA ROSA CA 95405"
110000495,"795 FARMERS LANE, STE.#10, SANTA ROSA CA 95404"
110000498,"730 RANDOLPH STREET, NAPA CA 94559"
110000500,"1279 CRAIG AVE, LAKEPORT CA 95453"
110000502,"461 7TH. ST. WEST, SONOMA CA 95476"
110000504,"2151 'S' STREET, EUREKA CA 95501"
110000505,"305 FARMERS LANE, SANTA ROSA CA 95405"
110000506,"14888 OLYMPIC DR., CLEARLAKE CA 95422"
110000513,"661 MAIN STREET, ST. HELENA CA 94574"
110000514,"999 ADAMS ST.,STE.E, ST. HELENA CA 94574"
110000517,"2798 YULUPA AVE.#1, SANTA ROSA CA 95405"
110000519,"1221 FARMERS LANE, SUITE 100, SANTA ROSA CA 95405"
110000520,"1221 FARMERS LANE, SUITE 100, SANTA ROSA CA 95405"
110000521,"10520 HOWARD ST, MENDOCINO CA 95460"
110000529,"2448 GUERNEVILLE ROAD #400, SANTA ROSA CA 95403"
110000530,"1125 16TH. STREET, ARCATA CA 95521"
110000531,"1652 HOLLY, MC KINLEYVILLE CA 95521"
110000532,"2103 MYRTLE AVE, EUREKA CA 95501"
110000533,"1125 16TH. STREET, ARCATA CA 95521"
110000534,"1652 HOLLY DRIVE, MC KINLEYVILLE CA 95521"
110000535,"2103 MYRTLE AVE., EUREKA CA 95501"
110000536,"2103 MYRTLE AVE, EUREKA CA 95501"
110000538,"1652 HOLLY, MC KINLEYVILLE CA 95521"
110000539,"1652 HOLLY DRIVE, MC KINLEYVILLE CA 95521"
110000540,"2103 MYRTLE AVE, EUREKA CA 95501"
110000541,"1125 16TH. STREET, ARCATA CA 95521"
110000542,"1652 HOLLY DRIVE, MC KINLEYVILLE CA 95521"
110000543,"2103 MYRTLE AVE, EUREKA CA 95501"
110000544,"1125 16TH. STREET, ARCATA CA 95521"
110000545,"127 HOSPITAL DRIVE #101, VALLEJO CA 94589"
110000546,"800 11TH STREET, LAKEPORT CA 95453"
110000549,"190 S. ORCHARD AVE., SUITE B201, VACAVILLE CA 95688"
110000550,"411 B ST. #7, PETALUMA CA 94952"
110000553,"808 11TH. STREET, LAKEPORT CA 95453"
110000554,"800 11TH. STREET, LAKEPORT CA 95453"
110000559,"2800 CLEVELAND AVE., SUITE 6 & 7, SANTA ROSA CA 95403"
110000566,"3580 BECKWORTH DRIVE, NAPA CA 94558"
110000568,"3164 CONDO COURT, SANTA ROSA CA 95403"
110000577,"125 N LINCOLN, SUITE B, DIXON CA 95620"
110000578,"1377 S. DORA ST., UKIAH CA 95482"
110000579,"418 PETALUMA AVE, SEBASTOPOL CA 95472"
110000582,"1707 CALIFORNIA ST, VACAVILLE CA 95688"
110000583,"583 SUMMERFIELD ROAD, SANTA ROSA CA 95405"
110000584,"3101 S. STATE STREET, UKIAH CA 95482"
110000601,"780 B. SO. DORA, UKIAH CA 95452"
110000630,"9126 SHELTER COVE ROAD, WHITETHORN CA 95589"
110000637,"460 OAK STREET, PENNGROVE CA 94951"
110000651," HOLDERMAN HOSP.WING AA,BOX1141, YOUNTVILLE CA 94599"
110000660,"1154 MONTGOMERY DR., SUITE 3, SANTA ROSA CA 95405"
110000664,"634 A WEBSTER STREET, FAIRFIELD CA 94533"
110000669,"432 AVIATION BLVD, SANTA ROSA CA 95403"
110000680,"1456 PROFESSIONAL DRIVE, STE. 405, PETALUMA CA 94954"
110000691,"911 MEDICAL CENTER PLAZA, SUITE 15, WINDSOR CA 95492"
110000692,"121 A BOATYARD CENTER, FORT BRAGG CA 95436"
110000699,"795 FARMERS LANE, SUITE #10, SANTA ROSA CA 95404"
110000725,"1205 GRAVENSTEIN HWY SO., SEBASTOPOL CA 95472"
110000749,"210 WHEELER LANE, CRESCENT CITY CA 95531"
110000761,"3420 CHANATE ROAD, SANTA ROSA CA 95404"
110000918,"2298 NORRIS AVE., SUITE A, CRESCENT CITY CA 95531"
110001051,"600 MILLER AVENUE, MILL VALLEY CA 94941"
110001053,"206 BON AIR CENTER, GREENBRAE CA 94904"
110001054,"591 REDWOOD HIGHWAY, MILL VALLEY CA 94941"
110001055,"10 WILLOW ST., MILL VALLEY CA 94941"
110001056,"712 '0' STREET, SUITE J, MILL VALLEY CA 94901"
110001057,"149 EDGEWOOD AVENUE, MILL VALLEY CA 94941"
110001058,"712 D STREET, STE. C, SAN RAFAEL CA 94901"
110001060,"1010 SIR FRANCIS, DRAKE BLVD.KENTFIELD CA 94904"
110001061,"234 NO. SAN PEDRO ROAD, SAN RAFAEL CA 94903"
110001063,"895 SIR FRANCIS DRAKE, SAN ANSELMO CA 94960"
110001064,"1805 NOVATO BLVD.,#3, NOVATO CA 94947"
110001065,"1615 HILL ROAD, NOVATO CA 94947"
110001066,"1555 GRANT AVENUE, NOVATO CA 94945"
110001068,"92 MAIN ST. LOWER ARK RW, TIBURON CA 94920"
110001070,"712 D STREET, SAN RAFAEL CA 94901"
110001071,"1555 GRANT AVENUE, NOVATO CA 94945"
110001072,"653 CANYON ROAD, NOVATO CA 94948"
110001074,"919-A SIR FRANCIS DRK, KENTFIELD CA 94904"
110001077,"1615 HILL RD., #6, NOVATO CA 94947"
110001078,"505-B SAN MARIN DR., NOVATO CA 94945"
110001079,"11431 STATE HWY., #1, POINT REYES CA 94956"
110001083,"1125 SIR FRANCIS DRAKE DRIVE, KENTIFLED CA 94904"
110001084,"1125 SIR FRANCIS DRAKE BLVD., KENTFIELD CA 94904"
110001085,"300 MEDICAL PLAZA, STE. A, NOVATO CA 94947"
110001089,"712 D STREET, STE. G, SAN RAFAEL CA 94901"
110001090,"1780 GRANT AVENUE, NOVATO CA 94945"
110001091,"625 GRAND AVENUE, SAN RAFAEL CA 94901"
110001092,"1780 GRANT AVENUE, NOVATO CA 94945"
110001095,"2200 LARKSPUR CIRCLE STE 100, LARKSPUR CA 94939"
110001100,"300 SUNNY HILLS, SAN ANSELMO CA 94960"
110001101,"35 MITCHELL BLVD., SUITE #200, SAN RAFAEL CA 94903"
110001103,"2401 MARINSHIP WAY, SUITE 110, SAUSALITO CA 94965"
110001107,"555 NORTHGATE DRIVE, SAN RAFAEL CA 94903"
110001110,"5 BON AIR ROAD, SUITE 129, LARKSPUR CA 94939"
110001113,"650 E. BLITHEDALE, SUITE C, MILL VALLEY CA 94941"
110001114,"650 E. BLITHEDALE, SUITE C, MILL VALLEY CA 94941"
110001115,"650 E. BLITHEDALE, SUITE C, MILL VALLEY CA 94941"
110001143,"2765 TIMBER RIDGE LN, EUREKA CA 95503"
110001186,"9267 GREENBACK LN, ORANGEVALE CA 95662"
110001230,"832 WALNUT AVENUE, VALLEJO CA 94592"
120000547,"13193 MAIN STREET, TRONA CA 93562"
120000608,"2151-C COLLEGE AVENUE, BAKERSFIELD CA 93305"
120000641,"1655 E. CALIFORNIA AVENUE, BAKERSFIELD CA 93307"
120000654,"1600 E. TRUXTON AVENUE, BAKERSFIELD CA 93241"
120001569,"109 WEST SECOND STREET, VISALIA CA 93291"
120001571,"109 N. W. 2ND ST., VISALIA CA 93291"
120001572,"724 NORTH ALTA AVE., DINUBA CA 93618"
120001574,"606 W. MINERAL KING, SUITE A, VISALIA CA 93291"
120001575,"590 WEST PUTNAM, PORTERVILLE CA 93257"
120001576,"137 SOUTH ASPEN COURT, VISALIA CA 93291"
120001577,"321 W ACEQUIA,STE B, VISALIA CA 93277"
120001580,"111 NORTH VILLA, PORTERVILLE CA 93257"
120001581,"327 SOUTH 'K' ST., TULARE CA 93274"
120001582,"635 NORTH MAIN STREET, PORTERVILLE CA 93257"
120001583,"419 W. MURRAY, SUITE A, P.O. BOX 168, VISALIA CA 93729"
120001584,"131 CRESPI, EXETER CA 93221"
120001585,"814 WEST OAK STREET, VISALIA CA 93291"
120001586,"660 E. VISALIA ROAD, FARMERSVILLE CA 93223"
120001587,"320 W. PUTNAM AVE., PORTERVILLE CA 93257"
120001588,"814 WEST OAK STREET, VISALIA CA 93291"
120001589,"430 W. CALDWELL, STE.A, VISALIA CA 93277"
120001590,"1451 E. EL MONTE WAY, DINUBA CA 93618"
120001591,"221 KERN STREET, TULARE CA 93274"
120001592,"1450 EAST BARDSLEY, TULARE CA 93274"
120001593,"467 E. WASHINGTON AVENUE, EARLIMART CA 93219"
120001595,"618 N. CYPRESS, WOODLAKE CA 93286"
120001600,"1646 SOUTH COURT STREET, VISALIA CA 93277"
120001601,"1646 S. COURT STREET, VISALIA CA 93277"
120001602,"1646 S. COURT STREET, VISALIA CA 93277"
120001603,"814 W. OAK STREET, VISALIA CA 93291"
120001604,"2325 WEST MAIN STREET, VISALIA CA 93291"
120001606,"1900 N. DINUBA BLVD., #B, VISALIA CA 93291"
120001608,"112 N. 'D' STREET, PORTERVILLE CA 93257"
120001609,"112 N. 'D' STREET, PORTERVILLE CA 93257"
120001613,"916 WEST OAK AVENUE, #A, VISALIA CA 93291"
120001615,"345 NORTH VALENCIA, WOODLAKE CA 93286"
120001623,"590 W. PUTNAM AVENUE, SUITE #7, PORTERVILLE CA 93257"
120001625,"755 NORTH SEQUOIA, LINDSAY CA 93247"
120001626,"1014 SAN JUAN, STE A, EXETER CA 93221"
120001633,"601 WEST WILLOW, VISALIA CA 93291"
120001639,"6678 AVENUE 308 & RD 62, GOSHEN CA 93227"
120001640,"40729 ROAD 128, CUTLER CA 93615"
120001642,"500 ADELAIDE WAY, DINUBA CA 93618"
140000030,"13328 SAN PABLO AVENUE, SAN PABLO CA 94806"
140000034,"1411 E 31ST STREET, OAKLAND CA 94602"
140000078,"130 TAMPICO STREET, WALNUT CREEK CA 94598"
140000121,"3318 WILLOW PASS ROAD, CONCORD CA 94519"
140000136,"1050 SAN MIGUEL ROAD, CONCORD CA 94518"
140000138,"1900 CHURCH LANE, SAN PABLO CA 94806"
140000195,"2500 ALHAMBRA AVENUE, MARTINEZ CA 94553"
140000203,"3100 SUMMIT STREET, OAKLAND CA 94609"
140000344,"2500 ALHAMBRA AVENUE, MARTINEZ CA 94553"
140000425,"350 HAWTHORNE AVENUE, OAKLAND CA 94609"
140000443,"304 CASTLE CREEK CT, MARTINEZ CA 94553"
140000444,"3022 E. 14TH STREET, OAKLAND CA 94601"
140000445,"1300 BANCROFT AVE, SAN LEANDRO CA 94577"
140000446,"120 LA CASA VIA, SUITE 209, WALNUT CREEK CA 94598"
140000448,"20446 LAKE CHABOT RD., CASTRO VALLEY CA 94546"
140000450,"8000 AMADOR VALLEY, DUBLIN CA 94568"
140000451,"948 SAN PABLO AVE., ALBANY CA 94704"
140000454,"685 'A' STREET, HAYWARD CA 94541"
140000455,"3031 TELEGRAPH AVE., BERKELEY CA 94705"
140000457,"2000 DWIGHT WAY, #A, BERKELEY CA 94704"
140000458,"1515 YGNACIO VALLEY, WALNUT CREEK CA 94598"
140000459,"2121 CENTRAL AVE 'F', ALAMEDA CA 94501"
140000460,"911 MORAGA RD. #103, LAFAYETTE CA 94549"
140000461,"433 ESTUDILLO AVE, SAN LEANDRO CA 94577"
140000462,"600 GRAND AVE, #410, OAKLAND CA 94610"
140000463,"310 GRAND AVENUE, OAKLAND CA 94610"
140000464,"310 GRAND AVE,, OAKLAND CA 94610"
140000465,"110 LA CASA VIA, WALNUT CREEK CA 94598"
140000466,"2600 PARK AVE, #204, CONCORD CA 94520"
140000468,"5175 JOHNSON DRIVE, PLEASANTON CA 94588"
140000469,"2296 COUNTRY DRIVE, FREMONT CA 94536"
140000470,"3100 TELEGRAPH AVENUE, OAKLAND CA 94609"
140000471,"12 CAMINO ENCINAS, ORINDA CA 94563"
140000472,"2023 VALE RD, #1, SAN PABLO CA 94806"
140000473,"2121 CENTRAL AVE 'F', ALAMEDA CA 94501"
140000475,"6 UNION SQUARE #G, UNION CITY CA 94587"
140000476,"2424 DWIGHT WAY, BERKELEY CA 94704"
140000477,"295 27TH STREET, OAKLAND CA 94612"
140000479,"400 30TH ST, #403, OAKLAND CA 94609"
140000480,"13847 EAST 14TH ST., SAN LEANDRO CA 94578"
140000482,"6535 THORNHILL DRIVE, OAKLAND CA 94611"
140000483,"1850 MT. DIABLO BLVD., SUITE 110, WALNUT CREEK CA 94596"
140000484,"295 27TH ST., OAKLAND CA 94612"
140000486,"3935 BEACON AVENUE, FREMONT CA 94538"
140000489,"401 29TH ST., #113, OAKLAND CA 94609"
140000490,"895 MORAGA ROAD, LAFAYETTE CA 94549"
140000491,"22268 MAIN STREET, HAYWARD CA 94541"
140000493,"685 'A' STREET, HAYWARD CA 94541"
140000495,"907 SAN RAMON VLY, DANVILLE CA 94526"
140000499,"19628 HESPERIAN BLVD, HAYWARD CA 94541"
140000500,"3501 LONE TREE WAY, #1, ANTIOCH CA 94509"
140000501,"3701 LONE TREE WAY, ANTIOCH CA 94509"
140000513,"46923 WARM SPRINGS BD, FREMONT CA 94539"
140000515,"38 UNION SQUARE #A, UNION CITY CA 94587"
140000564,"2351 LOVERIDGE ROAD, PITTSBURG CA 94565"
140000576,"3725 LONE TREE WAY, ANTIOCH CA 94509"
140000600,"20996 REDWOOD ROAD, CASTRO VALLEY CA 94546"
140000602,"12 CAMINO ENCINAS, ORINDA CA 94563"
140000603,"20211 PATIO DR. #205, CASTRO VALLEY CA 94546"
140000604,"20211 PATIO DR. #205, CASTRO VALLEY CA 94546"
140000605,"19682 HESPERIAN BLVD., HAYWARD CA 94541"
140000606,"915  SAN RAMON VLY, DANVILLE CA 94526"
140000607,"1346 A STREET, HAYWARD CA 94542"
140000613,"3300 WE WEBSTER #406, OAKLAND CA 94609"
140000614,"3300 WEBSTER ST #406, OAKLAND CA 94609"
140000618,"2457 GROVE W. STE107, CASTRO VALLEY CA 94546"
140000619,"3478 BUS KIRK AVE, PLEASANT HILL CA 94523"
140000636,"5297 COLLEGE AVE. #A, OAKLAND CA 94618"
140000638,"5297 COLLEGE AVE. #A, OAKLAND CA 94613"
140000643,"6300 TELEGRAPH AVE., OAKLAND CA 94609"
140000644,"6300 TELEGRAPH AVE., OAKLAND CA 94609"
140000645,"6300 TELEGRAPH AVE., OAKLAND CA 94618"
140000755,"1896 TICE VALLEY BLVD., WALNUT CREEK CA 94595"
140000756,"1220 ROSSMOOR PARKWAY, WALNUT CREEK CA 94595"
140000757,"3022 EAST 14TH STREET, OAKLAND CA 94601"
140000765,"425 KEARNEY STREET, EL CERRITO CA 94530"
140000770,"863 'C' SAN PABLO AVENUE, ALBANY CA 94706"
140000780,"38 UNION SQUARE, SUITE A, UNION CITY CA 94587"
140000781,"38 UNION SQUARE, SUITE A, UNION CITY CA 94587"
140000782,"38 UNION SQUARE, SUITE A, UNION CITY CA 94587"
140000787,"7567 AMADOR VALLEY, DUBLIN CA 94568"
140000788,"5990 STONERIDGE DR. SUITE 122, PLEASANTON CA 94588"
140000803,"970 DEWING AVENUE, SUITE 100, LAFAYETTE CA 94549"
140000835,"39300 CIVIC CENTER DR. #120, FREMONT CA 94538"
140000842,"32145 ALVARADO NILES BLVD., STE 209, UNION CITY CA 94587"
140000874,"2320 WOOLSEY, SUITE 111, BERKELEY CA 94705"
140000879,"2525 STANWELL DRIVE, CONCORD CA 94520"
140000884,"3031 TELEGRAPH AVE. #144, BERKELEY CA 94705"
140000890,"6635 DUBLIN BLVD., SUITE E, DUBLIN CA 94568"
140000896,"2525 STANWELL DRIVE, CONCORD CA 94520"
140000918,"1895 MOWRY AVENUE, SUITE 118, FREMONT CA 94538"
140000919,"3128-B SANTA RITA ROAD, PLEASANTON CA 94566"
140000920,"3550 BERNAL AVENUE, SUITE #125, PLEASANTON CA 94566"
140000937,"2805 WHIPPLE ROAD, UNION CITY CA 94587"
140000939,"4442 PIEDMONT AVENUE, SUITE C, OAKLAND CA 94611"
140000948,"39275 LIBERTY STREET, #D-12, FREMONT CA 94538"
140000957,"1923 OAK PARK BLVD, PLEASANT HILL CA 94523"
140000958,"1923 OAK PARK BLVD, PLEASANT HILL CA 94523"
140000968,"2299 MOWRY AVENUE, FREMONT CA 94538"
140000969,"ONE NORTHWOOD DRIVE, SUITE #4, ORINDA CA 94563"
140000975,"2525 STANWELL DRIVE, CONCORD CA 94520"
140000976,"2230 GLADSTONE DRIVE, PITTSBURG CA 94565"
140001000,"1923 OAK PARK BOULEVARD, PLEASANT HILL CA 94523"
140001003,"2031 6TH STREET, BERKELEY CA 94710"
140001009,"39300 CIVIC CENTER DRIVE, FREMONT CA 94538"
140001012,"2485 HIGH SCHOOL AVENUE, #211, CONCORD CA 94520"
140001061,"3300 WEBSTER STREET, SUITE 1008, OAKLAND CA 94609"
140001068,"81 GREGORY LANE #100, PLEASANT HILL CA 94523"
140001069,"1999 MOWRY AVENUE, #D-2, FREMONT CA 94538"
140001070,"400 29TH STREET, #105, OAKLAND CA 94609"
140001099,"6666 OWENS DRIVE, PLEASANTON CA 94588"
140001121,"333 HEGENBERGER ROAD, SUITE 60, OAKLAND CA 94621"
140001122," EL CERRITO PLAZA PROF BLDG 105, EL CERRITO CA 94530"
140001126,"1975 TICE VALLEY BOULEVARD, WALNUT CREEK CA 94595"
140001138,"5980 STONERIDGE DRIVE, SUITE 100, PLEASANTON CA 94588"
140001178,"39500 LIBERTY STREET, FREMONT CA 94538"
140001307,"5167 CLAYTON ROAD, CONCORD CA 94521"
220001137,"1885 BAY RD, EAST PALO ALTO CA 94303"
230000417,"923 DANA DR, REDDING CA 96003"
230000471,"635 LASSEN LANE, MT SHASTA CA 96067"
230000514,"284 SPRUCE ST, GRIDLEY CA 95948"
230000610,"37394 CASCADE AVE., BURNEY CA 96013"
230000716,"1681 STETSON WAY, REDDING CA 96003"
240000264,"405 E. BUENA VISTA AVE, BARSTOW CA 92311"
240000271,"41945 BIG BEAR BLVD., BIG BEAR LAKE CA 92315"
240000534,"5771 N. VICTORIA, HIGHLAND CA 92346"
240000551,"1406 BAILEY AVE, #E, NEEDLES CA 92363"
240000552,"802 W.COLTON, #G, REDLANDS CA 92374"
240000557,"3232 PACIFIC AVENUE, HIGHLAND CA 92346"
240000558,"590 N. SIERRA WAY, ROOM B, SAN BERNARDINO CA 92410"
240000560,"16519 VICTOR ST.#422, VICTORVILLE CA 92392"
240000562,"1777 W.BASELINE,#368, SAN BERNARDINO CA 92411"
240000563,"751 S. MAPLE STREET, FONTANA CA 92335"
240000564,"8425 MANGO, FONTANA CA 92335"
240000565,"16613 RANDALL AVENUE, FONTANA CA 92335"
240000566,"8570 REDWOOD AVENUE, FONTANA CA 92335"
240000579,"317 W.  F  STREET, ONTARIO CA 91762"
240000589,"565 N. MT.VERNON, SAN BERNARDINO CA 92411"
240000590,"12467 CENTRAL AVENUE, CHINO CA 91710"
240000620,"290 N. 10TH STREET, COLTON CA 92324"
240000678,"9161 SIERRA AVE. 202, FONTANA CA 92335"
240000751,"380 MT. WHITNEY DR., LONE PINE CA 93545"
240000801,"939 NORTH D STREET, SAN BERNARDINO CA 92404"
240000871,"851 W. FOOTHILL BLV, RIALTO CA 92376"
240000901,"700 EAST GILBERT STREET, SAN BERNARDINO CA 92404"
240000923,"13193 MAIN STREET, TRONA CA 93562"
240000926,"266 WEST RANDALL AVENUE, RM S-1, RIALTO CA 92376"
240000927,"310 E. MERRILL AV, BUILD H-2 & H-4, RIALTO CA 92376"
240000928,"1442 N. EUCALYPTUS AVENUE, UNIT A, RIALTO CA 92376"
240000929,"774 E. ETIWANDA AV, BUILD C, RM 5, RIALTO CA 92376"
240000930,"2241 N. APPLE AVE., RMS D-3 & D-4, RIALTO CA 92376"
240000931,"1050 S. LILAC AVE., BUILDING D-4, RIALTO CA 92376"
240000932,"2351 N. SPRUCE AV, RMS 85, 86 & 87, RIALTO CA 92376"
240000933,"2750 N. RIVERSIDE, UNIT A RMS 1 & 4, RIALTO CA 92376"
240000934,"1571 N. SYCAMORE, UNIT E, P5,P6,P7, RIALTO CA 92376"
240000935,"1300 N. VALENCIA AV, BUILD C2 & C3, SAN BERNARDINO CA 92404"
240000936,"2214 E. PUMALO, BLD A2T, A3T, A4T, SAN BERNARDINO CA 92404"
240000937,"1885 E. LYNWOOD DR., RM D-7, SAN BERNARDINO CA 92404"
240000938,"3340 PACIFIC AVE., RMS D-4 & D-2, HIGHLAND CA 92346"
240000939,"3131 E. PEIDMONT DR, BUILDING E-2, HIGHLAND CA 92346"
240000940,"700 EAST GILBERT STREET, SAN BERNARDINO CA 92419"
240000941,"9522 LIVE OAK AVENUE, FONTANA CA 92335"
240000942,"9453 CITRUS, BUILDING 54, FONTANA CA 92335"
240000943,"7420 LOCUST AVENUE, BUILDING A, FONTANA CA 92335"
240000944,"107551 OLEANDER AVENUE, FONTANA CA 92335"
240000945,"324 NORTH PALM AVENUE, UNIT I, RIALTO CA 92376"
240000946,"470 EAST ETIWANDA,  UNIT B, ROOM 4, RIALTO CA 92376"
240000947,"219 N. EUCALYPTUS, BUILDING B-1, RIALTO CA 92376"
240000948,"1321 N. LILAC AVE., BUILD K RMS 1&3, RIALTO CA 92376"
240000949,"1750 N. WILLOW AVENUE, UNIT F, RIALTO CA 92376"
240000950,"975 MERIDIAN AVE., UNIT C RMS 2&4, RIALTO CA 92376"
240000954,"1530 WEST 7TH STREET, SAN BERNARDINO CA 92411"
240000955,"290 EAST O STREET, COLTON CA 92324"
240000956,"851 SOUTH MT. VERNON AVE., #20, COLTON CA 95324"
240000958,"9775 VERNON AVENUE, ROOM 70, MONTCLAIR CA 91763"
240000959,"901 WEST FRANCIS, ROOM 60, ONTARIO CA 91761"
240000960,"1245 NORTH EUCLID, ROOM B-1, ONTARIO CA 91762"
240000961,"12550 HESPERIA RD #212, VICTORVILLE CA 92392"
240000962,"13460 CENTRAL AVENUE #G, CHINO CA 91710"
240000973,"245 WEST 18TH STREET, ROOM 29, UPLAND CA 91786"
240000974,"850 DEL NORTE, ROOM P-2, ONTARIO CA 91764"
240000975,"1500 EAST 6TH STREET, ROOM 30, ONTARIO CA 91764"
240000976,"5550 WALNUT AVENUE, ROOM 34, CHINO CA 91710"
240000977,"705 WEST HAWTHORNE, ROOM 56, ONTARIO CA 91762"
240000978,"1135 WEST 4TH STREET, 2ND FLOOR, ONTARIO CA 91762"
240001024,"567 N. SIERRA WAY, SAN BERNARDINO CA 92410"
240001025,"10275 CYPRESS AVENUE, ROOM 90, HESPERIA CA 92345"
240001026,"9172 THIRD AVENUE, BUILD A, HESPERIA CA 92345"
240001027,"670 RAMONA AVE., ROOM B6, SAN BERNARDINO CA 92411"
240001028,"9751 CYPRESS AVENUE,ROOM A7, FONTANA CA 92335"
240001029,"7555 ALDER AVENUE, ROOM 718, FONTANA CA 92335"
240001030,"1963 NORTH E STREET, SAN BERNARDINO CA 92405"
240001042,"900 E. GILBERT ST. MOBILE UNIT A, SAN BERNARDINO CA 92404"
240001054,"1777 BASELINE AVE,STE 104,105,106, SAN BERNARDINO CA 92411"
240001073,"6180 RIVERSIDE DRIVE, SUITE H, CHINO CA 91710"
240001116,"434 CAJON ST., #104, REDLANDS CA 92373"
240001117,"58471 29 PALMS HWY., STE. 101, YUCCA VALLEY CA 92284"
240001125,"12210 MICHIGAN STREET, UNIT E, GRAND TERRACE CA 92313"
240001131,"12421 CENTRAL AVENUE, #A & B, CHINO CA 91710"
240001132,"224 N. RIVERSIDE AVE., STE. D, RIALTO CA 92376"
240001133,"224 N. RIVERSIDE AVE., STE. D, RIALTO CA 92376"
240001137,"401 E. CITRUS, REDLANDS CA 92373"
240001138,"34675 YUCAIPA BLVD., #109, YUCAIPA CA 92399"
240001142,"15576 MAIN STREET, HESPERIA CA 92345"
240001145,"41945 BIG BEAR BLVD., BIG BEAR LAKE CA 92315"
240001146,"1376 N. WATERMAN AVENUE, SAN BERNARDINO CA 92404"
240001201,"152 PIONEER LANE, #D, BISHOP CA 93514"
240001202,"15203 11TH ST., #F, VICTORVILLE CA 92392"
240001203,"4700 LAUREL MTN. RD. P.O. BOX 9118, MAMMOTH LAKES CA 93546"
240001204,"4700 LAUREL MTN. RD. P.O. BOX 9118, MAMMOTH LAKES CA 93546"
240001205,"512 W. LINE STREET, STE. C, BISHOP CA 93514"
240001322,"1902 ORANGE TREE LANE, #110, REDLANDS CA 92374"
240001323,"15462 MAIN STREET, HESPERIA CA 92345"
240001326,"18227 HWY. 18, STE. A, APPLE VALLEY CA 92307"
240001413,"325 W. HOSPITALITY LANE #103, SAN BERNARDINO CA 92408"
240001443,"15065 VISTA ROAD, HELENDALE CA 92342"
240001487,"16018 TUSCOLA RD. #5, APPLE VALLEY CA 92307"
240001488,"400 SO. 2ND STREET #107, BARSTOW CA 92311"
240001491,"299 W. FOOTHILL BLVD. STE.200, UPLAND CA 91786"
240001494,"400 SO. 2ND STREET #107, BARSTOW CA 92311"
240001495,"16018 TUSCOLA ROAD #5, APPLE VALLEY CA 92307"
240001496,"1902 ORANGE TREE LANE #110, REDLAND CA 92374"
240001530,"1238 E. ARROW HWY, UPLAND CA 91786"
240001705,"2150 NORTH WATERMAN AVE, #103, SAN BERNARDINO CA 92404"
240001847,"1556 S. SULTANA AVE., ONTARIO CA 91761"
250000234,"1091 N. PALM CYN.DR., PALM SPRINGS CA 92262"
250000236,"790 E. LATHAM, HEMET CA 92343"
250000256,"9990 COUNTY FARM RD., RIVERSIDE CA 92503"
250000346,"1005 N. STATE STREET, HEMET CA 92343"
250000489,"39000 BOB HOPE DR., RANCHO MIRAGE CA 92270"
250000555,"31681 RIVERSIDE DR.#C, LAKE ELSINORE CA 92330"
250000599,"3090 W. RAMSEY, BANNING CA 92220"
250000604,"14510 RIO BRAVO, MORENO VALLEY CA 92553"
250000614,"2150 TAHQUITZ,STE.2, PALM SPRINGS CA 92262"
250000629,"3600 LIME STREET #5, RIVERSIDE CA 92501"
250000632,"6355 RIVERSIDE DRIVE, RIVERSIDE CA 92506"
250000636,"510B W. 4TH STREET, PERRIS CA 92370"
250000657,"83-912 AVENUE 45-STE 9, INDIO CA 92201"
250000785,"9990 COUNTY FARM RD., RIVERSIDE CA 92503"
250000786,"9990 COUNTY FARM RD., RIVERSIDE CA 92503"
250000807,"41002 COUNTY CENTER, TEMECULA CA 92390"
250000814,"3925 ORANGE ST., RIVERSIDE CA 92501"
250000846,"8088 PALM LANE, SAN BERNARDINO CA 92410"
250000903,"7223 MAGNOLIA AVENUE, RIVERSIDE CA 92504"
250000971,"9890 COUNTY FARM ROAD, RIVERSIDE CA 92503"
250001041,"14340 ELSWORTH, SUITE 118, MORENO VALLEY CA 92553"
250001379,"149 W. HOBSONWAY, BLYTHE CA 92225"
250001636,"31712 CASINO DRIVE, SUITE 3-A, LAKE ELSINORE CA 92530"
250001643,"25405 HANCOCK STREET, SUITE 200, MURRIETA CA 92562"
250001644,"25405 HANCOCK STREET, SUITE 200, MURRIETA CA 92562"
250001667,"31760 CASINO DRIVE, SUITE 104, LAKE ELSINORE CA 92530"
250001674,"500 NORTH BROADWAY, SUITE 25, BLYTHE CA 92225"
250001677,"126 AVOCADO AVENUE #101, PERRIS CA 92571"
250001678,"126 AVOCADO AVENUE, SUITE 101, PERRIS CA 92571"
250001687,"3838 SHERMAN DRIVE #111, RIVERSIDE CA 92503"
250001699,"1221 NORTH INDIAN CANYON DRIVE, PALM SPRINGS CA 92262"
630003121,"19834 HATHAWAY AVENUE, HAYWARD CA 94541"
630006321,"2760 PACIFIC AVE, LONG BEACH CA 90806"
630011128,"75 S GAY ST, SUSANVILLE CA 96130"
630011435,"7843 LANKERSHIM BLVD, NORTH HOLLYWOOD CA 91605"
630011471,"7473 FOOTHILL BLVD., TUJUNGA CA 91042"
630011580,"21021 DEVONSHIRE STREET, CHATSWORTH CA 91311"
630011603,"200 W.CENTER STREET PROMENADE, ANAHEIM CA 92805"
630011616,"5632 LA JOLLA BLVD., LA JOLLA CA 92037"
630011760,"2020 CAMINO DEL RIO NORTH, SAN DIEGO CA 92108"
630011850,"4747 N FIRST ST, FRESNO CA 93726"
630011875,"4641 MISSOURI FLAT RD, PLACERVILLE CA 95667"
630012016,"5976 W LAS POSITAS BOULEVARD, PLEASANTON CA 94588"
630012053,"8996 MIRAMAR ROAD, SUITE 220, SAN DIEGO CA 92126"
630012065,"1441 N TRACY BLVD, TRACY CA 95376"
630012235,"14640 AVE 168, WOODVILLE CA 93257"
630012449,"8233 E STOCKTON BLVD, SACRAMENTO CA 95828"
630012752,"2480 HILBORN ROAD, FAIRFIELD CA 94534"
630012837,"41305 ALBRAE STREET, FREMONT CA 94538"
630012939,"23591 EL TORO ROAD, LAKE FOREST CA 92630"
630013135,"25495 MEDICAL CENTER DRIVE, SUITE #102, MURRIETA CA 92562"
630013206,"8352 COMMONWEALTH AVE, BUENA PARK CA 90620"
630013251,"48371 FREMONT BOULEVARD, FREMONT CA 94538"
630013434,"60 WHITNEY PLACE, FREMONT CA 94539"
630013581,"811 GRAND AVE, SACRAMENTO CA 95838"
630013642,"5 MEDICAL PLAZA DR, ROSEVILLE CA 95661"
630013653,"3607 MAIN STREET, FREMONT CA 94538"
630013685,"613 1ST STREET, BRENTWOOD CA 94513"
630013693,"613 1ST STREET, BRENTWOOD CA 94513"
630013721,"6746 VALJEAN AVE, VAN NUYS CA 91406"
630013769,"5441 FAIR OAKS BLVD, CARMICHAEL CA 95608"
630013786,"1000 BURNETT AVENUE, CONCORD CA 94520"
630013985,"225 E. BROADWAY BLVD., GLENDALE CA 91205"
630014027,"10495 WHITE ROCK RD, RANCHO CORDOVA CA 95670"
630014028,"105 DEAN WAY, FOLSOM CA 95630"
630014269,"3737 MARCONI AVE, SACRAMENTO CA 95821"
630014270,"6879 14TH AVE, SACRAMENTO CA 95820"
630014303,"6060 WATT AVE, NORTH HIGHLANDS CA 95660"
630014342,"48521 WARM SPRINGS BOULEVARD, FREMONT CA 94539"
630014343,"5050 PALO VERDE ST, MONTCLAIR CA 91763"
630014360,"200 S. MAIN STREET, CORONA CA 92882"
630014361,"40015 SIERRA HIGHWAY, PALMDALE CA 93550"
630014371,"5321 STOCKTON BLVD, SACRAMENTO CA 95820"
630014445,"1375 EXPOSITION BLVD, SACRAMENTO CA 95815"
630014446,"3255 W MARCH LN, STOCKTON CA 95219"
630014447,"10100 PIONEER BLVD., SANTA FE SPRINGS CA 90248"
630014452,"3039 KILGORE RD, RANCHO CORDOVA CA 95670"
630014477,"717 S. VICTORY BLVD., BURBANK CA 91502"
630014641,"1864 E. WASHINGTON BLVD., PASADENA CA 91104"
630014658,"50 SAND CREEK ROAD, BRENTWOOD CA 94513"
630014695,"520 E. BROADWAY AVE, GLENDALE CA 91205"
630014731,"2727 MACDONALD AVENUE, RICHMOND CA 94804"
630014795,"1375 LOCUST STREET, WALNUT CREEK CA 94596"
630014879,"1320 WILLOW PASS ROAD, CONCORD CA 94520"
630014927,"901 W WILSHIRE AVE, FULLERTON CA 92832"
630014968,"24404 VERMONT AVE, HARBOR CITY CA 90710"
630015133,"2667 CAMINO DEL RIO SOUTH, SAN DIEGO CA 92108"
630015224,"7601 HOSPITAL DR, SACRAMENTO CA 95823"
630015356,"4640 MARCONI AVE, SACRAMENTO CA 95821"
630015369,"2400 E KATELLA AVE ROOM 815, ANAHEIM CA 92806"
630015460,"2166 BOCA RATON STREET, HAYWARD CA 94545"
630015839,"1000 VALE TERRACE DRIVE, VISTA CA 92084"
630015901,"9587 ARROW ROUTE BLDG. 2, SUITE B, RANCHO CUCAMONGA CA 91730"
630015950,"350 POSADA LANE, TEMPLETON CA 93465"
630015987,"4874 POLK AVENUE, SAN DIEGO CA 92105"
630016021,"3811 FLORIN ROAD, SACRAMENTO CA 95823"
630016060,"749 STORY ROAD, SUITE 150, SAN JOSE CA 95122"
630016076,"3811 FLORIN ROAD, SACRAMENTO CA 95823"
630016077,"148 E. KINGS ST., AVENAL CA 93204"
630016092,"1722 STATE STREET, SANTA BARBARA CA 93101"
630016093,"451 MESA ROAD, BOLINAS CA 94924"
630016094,"503 B STREET, POINT REYES STATION CA 94956"
630016095,"6350 SIR FRANCES DRAKE BLVD., SAN GERONIMON CA 94963"
630016096,"415 E. ROLLING OAKS DRIVE, THOUSAND OAKS CA 91361"
630016106,"3933 COFFEE ROAD, BAKERSFIELD CA 93308"
930000657,"11550 INDIAN HILLS RD., SUITE 160, MISSION HILLS CA 91345"
930001363,"15339 SATICOY STREET, VAN NUYS CA 91405"
960000261,"1350 W. 6TH ST. #1, SAN PEDRO CA 90730"
960000262,"8540 SEPULVEDA BLVD., #1116, LOS ANGELES CA 90045"
960000263,"133 S. HUDSON AV,#2, PASADENA CA 91101"
960000264,"10718 WHITE OAK  SUITE 2, GRANADA HILLS CA 91344"
960000265,"321 NORTH LARCHMONT   825, LOS ANGELES CA 90004"
960000266,"2222 SANTA MONICA BLVD   203, SANTA MONICA CA 90404"
960000267,"447 WEST BURCHETT  101, GLENDALE CA 91203"
960000268,"1300 WEST 115TH STREET   203, GARDENA CA 90247"
960000269,"18401 BURBANK BLVD., #107, TARZANA CA 91356"
960000270,"3213 W. VERNON AVE, LOS ANGELES CA 90008"
960000271,"2222 SANTA MONICA BLVD   107, SANTA MONICA CA 90404"
960000272,"182 SOUTH ALVARADO STREET, LOS ANGELES CA 90057"
960000273,"6753 HOLLYWOOD #306, LOS ANGELES CA 90028"
960000274,"11507 OXNARD STREET, NORTH HOLLYWOOD CA 91606"
960000275,"185 S EUCLID AV#24, PASADENA CA 91101"
960000276,"5400 BALBOA BL #224, ENCINO CA 91316"
960000277,"9730 WILSHIRE BLVD  214, BEVERLY HILLS CA 90212"
960000278,"9838 PARAMOUNT BLVD., DOWNEY CA 90240"
960000279,"6325 TOPANGA CYN#204, WOODLAND HILLS CA 91367"
960000281,"1306 WEST AVENUE J  SUITE 2, LANCASTER CA 93534"
960000282,"1306 WEST AVENUE J SUITE 3, LANCASTER CA 93534"
960000283,"829 NO PARK AVE, POMONA CA 91768"
960000284,"133 SOUTH HUDSON, SUITE 2, PASADENA CA 91101"
960000286,"13649 INGLEWOOD AVE, HAWTHORNE CA 90250"
960000287,"9535 RESEDA BLVD., #208, NORTHRIDGE CA 91324"
960000288,"8363 RESEDA BLVD   6, NORTHRIDGE CA 91324"
960000289,"9545 RESEDA BLVD  3, NORTHRIDGE CA 91324"
960000290,"12626 RIVERSIDE DRIVE  SUITE 350, NORTH HOLLYWOOD CA 91607"
960000291,"16542 VENTURA BLVD   315, ENCINO CA 91436"
960000292,"10550 SEPULVEDA BLVD   SUITE 117, MISSION HILLS CA 91345"
960000293,"23441 MADISON STREET, #220, TORRANCE CA 90505"
960000294,"3500 LOMITA BLVD  SUITE M-100, TORRANCE CA 90505"
960000295,"13750 RIVERSIDE DR., SHERMAN OAKS CA 91423"
960000296,"14116 MAGNOLIA BLVD, SHERMAN OAKS CA 91423"
960000297,"14116 MAGNOLIA BLVD, SHERMAN OAKS CA 91423"
960000298,"15225 VANOWEN STREET, #213, VAN NUYS CA 91405"
960000299,"1530 EAST CHEVY CHASE DRIVE, GLENDALE CA 91206"
960000300,"10 CONGRESS ST, PASADENA CA 91105"
960000301,"10 CONGRESS ST, PASADENA CA 91105"
960000302,"1044 S FAIR OAKS AVE, PASADENA CA 91105"
960000303,"8635 WEST THIRD STREET SUITE 465W, LOS ANGELES CA 90048"
960000304,"660 WEST DUARTE ROAD, ARCADIA CA 91006"
960000305,"671 NAOMI AVENUE, ARCADIA CA 91007"
960000306,"55 SOUTH RAYMOND   100, ALHAMBRA CA 91801"
960000308,"9735 WILSHIRE BLVD   332, BEVERLY HILLS CA 90212"
960000309,"435 ARDEN AVENUE   370, GLENDALE CA 91203"
960000310,"10780 SANTA MONICA BLVD   110, LOS ANGELES CA 90025"
960000311,"10780 STA MONICA 110, LOS ANGELES CA 90025"
960000312,"270 WEST BADILLO, COVINA CA 91723"
960000313,"3737 CENTURY BL #100, LYNWOOD CA 90262"
960000314,"330 NORTH FAIRFAX AVENUE, LOS ANGELES CA 90036"
960000315,"11600 WILSHIRE BLVD  SUITE LL 14, LOS ANGELES CA 90025"
960000316,"678 S INDIAN HILL BLVD 202, CLAREMONT CA 91711"
960000317,"678 S INDIAN HILL SUITE 202, CLAREMONT CA 91711"
960000318,"23000 CRENSHAW BLVD  201, TORRANCE CA 90505"
960000319,"879 S ATLANTIC BL, MONTEREY PARK CA 91754"
960000320,"879 S ATLANTIC BL, MONTEREY PARK CA 91754"
960000321,"16542 VENTURA BLVD   408, ENCINO CA 91436"
960000322,"12930 VENTURA BLVD 204, STUDIO CITY CA 91604"
960000323,"2625 WEST ALAMEDA AVENUE, #102, BURBANK CA 91505"
960000324,"15141 WHITTIER BLVD   100, WHITTIER CA 90603"
960000325,"8517 FOOTHILL BLVD., SUNLAND CA 91040"
960000326,"11134 VENTURA BLVD, STUDIO CITY CA 91604"
960000327,"8610 SOUTH SEPULVEDA, #205, LOS ANGELES CA 90045"
960000329,"12200 EAST WASHINGTON BLVD., #O, WHITTIER CA 90606"
960000330,"12200 EAST WASHINGTON BLVD., #O, WHITTIER CA 90606"
960000331,"10667 WHITE OAK AVENUE, GRANADA HILLS CA 91344"
960000333,"5363 BALBOA BL #325, ENCINO CA 91316"
960000334,"409 E MERCED AVE., WEST COVINA CA 91791"
960000335,"2920 HUNTINGTON #220, SAN MARINO CA 91108"
960000336,"948 FAIRFAX AVE   SUITE 201, LOS ANGELES CA 90046"
960000337,"601 E GLENOAKS BLVD  SUITE 101, GLENDALE CA 91207"
960000339,"2080 CENTURY PARK EAST, #505, LOS ANGELES CA 90067"
960000340,"18372 CLARK ST #212, TARZANA CA 91356"
960000341,"5213 LINDSEY AVE #H, PICO RIVERA CA 90660"
960000342,"2010 WILSHIRE BL#703, LOS ANGELES CA 90057"
960000343,"9675 BRIGHTON WAY  SUITE 250, BEVERLY HILLS CA 90210"
960000344,"3250 LOMITA BLVD   SUITE 306, TORRANCE CA 90510"
960000345,"1370 VALLEY VISTA DRIVE   145, DIAMOND BAR CA 91765"
960000346,"1346 FOOTHILL BLVD., #101, LA CANADA CA 91011"
960000347,"15243 VANOWEN STREET, #102, VAN NUYS CA 91405"
960000348,"355 S  LEMON AVE  SUITE H, WALNUT CA 91789"
960000349,"17487 E HURLEY STREET, CITY OF INDUSTRY CA 91744"
960000350,"9763 W PICO BLVD   SUITE 201, LOS ANGELES CA 90035"
960000351,"6650 SOUTH ROSEMEAD BLVD., PICO RIVERA CA 90660"
960000352,"7301 MEDICAL CENTER DRIVE, #102, CANOGA PARK CA 91307"
960000354,"465 N ROXBURY DR 702, BEVERLY HILLS CA 90210"
960000356,"410 WEST ARDEN, #102, GLENDALE CA 91203"
960000357,"22919 SOLEDAD CANYON ROAD, SAUGUS CA 91350"
960000358,"11600 WILSHIRE #LL-26, LOS ANGELES CA 90025"
960000359,"100 U C L A MEDICAL PLAZA  440, LOS ANGELES CA 90024"
960000361,"6650 SOUTH ROSEMEAD BLVD, PICO RIVERA CA 90660"
960000362,"6650 SOUTH ROSEMEAD BLVD, PICO RIVERA CA 90660"
960000363,"6650 SOUTH ROSEMEAD BLVD, PICO RIVERA CA 90660"
960000365,"11600 WILSHIRE BL, LOS ANGELES CA 90025"
960000378,"560 S PALOS VERDES ST, PALOS VERDES CA 90731"
960000380,"3875 WILSHIRE BLVD., LOS ANGELES CA 90010"
960000521,"2675 W. OLYMPIC BLVD., LOS ANGELES CA 90006"
960000536,"11500 ELDRIDGE AVE, LAKEVIEW TERRACE CA 91342"
960000539,"21320 HAWTHORNE   226, TORRANCE CA 90503"
960000541,"2901 WILSHIRE BLVD SUITE 440, SANTA MONICA CA 90403"
960000542,"153 POMONA MALL, POMONA CA 91766"
960000543,"4640 N. MAINE AVE., #15, BALDWIN PARK CA 91706"
960000545,"4137 NORTH MAINE AVENUE, BALDWIN PARK CA 91706"
960000547,"302-306 W ORANGE GROVE, POMONA CA 91768"
960000560,"2121 W MAGNOLIA BLVD, BURBANK CA 91506"
960000561,"3421 E OLYMPIC BLVD, LOS ANGELES CA 90023"
960000571,"13130 BURBANK BLVD., VAN NUYS CA 91401"
960000576,"13870 FOOTHILL BLVD., SYLMAR CA 91342"
960000581,"4920 SOUTH AVALON BLVD., LOS ANGELES CA 90011"
960000583,"27225 CAMP PLENTY   6, CANYON COUNTRY CA 91311"
960000584,"27225 CAMP PLENTY ROAD SUITE 6, CANYON COUNTRY CA 91311"
960000589,"4640 ADMIRALTY WAY, MARINA DEL REY CA 90292"
960000590,"1616 SABINA CIRCLE, SIMI VALLEY CA 93062"
960000591,"16260 VENTURA BLVD., #600, ENCINO CA 91436"
960000717,"9511 LAS TUNAS DRIVE, TEMPLE CITY CA 91780"
960000718,"2933 NORTH EL NIDO DRIVE, ALTADENA CA 91001"
960000719,"1240 WESTLAKE BL#235, WESTLAKE VILLAGE CA 91361"
960000720,"9627 LAS TUNAS DRIVE, TEMPLE CITY CA 91780"
960000728,"19000 HAWTHORNE BLVD., TORRANCE CA 90503"
960000732,"1543-D EAST PALMDALE BLVD., PALMDALE CA 93550"
960000733,"8158 BEVERLY BLVD., LOS ANGELES CA 90048"
960000735,"9255 PIONEER BLVD., SANTE FE SPRINGS CA 90670"
960000738,"306 SOUTH LEMON AVENUE, WALNUT CA 91789"
960000739,"301 WEST HUNTINGTON DRIVE, #618, ARCADIA CA 91007"
960000742,"7345 MED CTR DR,#130, CANOGA PARK CA 91307"
960000743,"260 EAST 9TH STREET, LONG BEACH CA 90813"
960000758,"8631 W THIRD STREET STE 1025E, LOS ANGELES CA 90048"
960000768,"11600 WILSHIRE BLVD., LOS ANGELES CA 90025"
960000770,"3808 RIVERSIDE DRIVE  200, BURBANK CA 91505"
960000771,"3808 RIVERSIDE DRIVE, #200, BURBANK CA 91505"
960000773,"7301 MEDICAL CENTER DRIVE  403, WEST HILLS CA 91307"
960000775,"12449 EAST PUTNAM, #C, WHITTIER CA 90602"
960000776,"2244 BEVERLY BLVD., LOS ANGELES CA 90057"
960000777,"13130 BURBANK BLVD., VAN NUYS CA 91401"
960000780,"15315 RAYEN ST, SEPULVEDA CA 91343"
960000786,"2321 PONTIUS AVENUE, LOS ANGELES CA 90064"
960000787,"11500 ELDRIDGE AVENUE, LAKEVIEW TERRACE CA 91342"
960000790,"6740 KESTER ST., VAN NUYS CA 91405"
960000792,"1324 W AVENUE J, LANCASTER CA 93534"
960000793,"15250 VENTURA BL 1120, SHERMAN OAKS CA 91403"
960000795,"2541 W LA HABRA, LA HABRA CA 90631"
960000796,"55 E CALIFORNIA #110, PASADENA CA 91105"
960000798,"11980 SAN VICENTE BLVD., #108, LOS ANGELES CA 90049"
960000799,"23441 MADISON #290, TORRANCE CA 90505"
960000800,"3131 SANTA ANITA BLVD, EL MONTE CA 91733"
960000801,"5110 W. GOLDLEAF, 360, LOS ANGELES CA 90056"
960000802,"375 S. MAIN STREET, POMONA CA 91766"
960000803,"2611 S PORTLAND STREET, LOS ANGELES CA 90007"
960000805,"1041 S. MENLO AVE., LOS ANGELES CA 90006"
960000806,"1740 EAST HUNTINGTON DRIVE   307, DUARTE CA 91010"
960000807,"15243 VANOWEN STREET, #102, VAN NUYS CA 91405"
960000808,"6733 SEPULVEDA #120, LOS ANGELES CA 90045"
960000812,"4705 LAUREL CYN. 202, NORTH HOLLYWOOD CA 91607"
960000817,"5525 ETIWANDA AVENUE  304, TARZANA CA 91356"
960000818,"16550 VENTURA BL #130, ENCINO CA 91436"
960000821,"5401 E. VALLEY BL., LOS ANGELES CA 90032"
960000827,"1300 WEST 6TH STREET, SAN PEDRO CA 90732"
960000857,"2428 SANTA MONICA BLVD., SANTA MONICA CA 90404"
960000860,"1401 CHESTNUT STREET, LONG BEACH CA 90813"
960000861,"671 W. NAOMI AVENUE, ARCADIA CA 91006"
960000864,"625 EAST ARROW HIGHWAY, #6, GLENDORA CA 91740"
960000866,"29525 CANWOOD ST #113, AGOURA HILLS CA 91301"
960000868,"9400 BRIGHTON WAY, #101, BEVERLY HILLS CA 90210"
960001003,"18420 HART STREET, RESEDA CA 91335"
960001005,"18420 HART STREET, RESEDA CA 91335"
960001006,"1809 VERDUGO BLVD   160, GLENDALE CA 91208"
960001007,"1809 VERDUGO BLVD   160, GLENDALE CA 91208"
960001036,"8853 OLYMPIC BLVD, BEVERLY HILLS CA 90211"
960001037,"8529 EAST FLORENCE AVENUE, DOWNEY CA 90240"
960001038,"7080 HOLLYWOOD BLVD   1004, HOLLYWOOD CA 90028"
960001039,"9202 WEST PICO BLVD., LOS ANGELES CA 90035"
960001049,"160 S SEVENTH AVENUE, LA PUENTE CA 91744"
960001052,"960 E. GREEN ST., SUITE L-10, PASADENA CA 91106"
960001057,"133 SOUTH HUDSON  2, PASADENA CA 91101"
960001067,"12099 WEST WASHINGTON BLVD   408, LOS ANGELES CA 90066"
960001068,"9335 RESEDA BLVD   500, NORTHRIDGE CA 91324"
960001080,"11326 LONG BEACH BLVD, LYNWOOD CA 90262"
960001083,"8912 OLYMPIC BLVD., BEVERLY HILLS CA 90211"
960001087,"4007 PARAMOUNT BLVD., #104, LAKEWOOD CA 90712"
960001088,"1060 S. AVIATION BLVD., HERMOSA BEACH CA 90254"
960001090,"2601 W. ALAMEDA AV, 308, BURBANK CA 91505"
960001091,"671 W. NAOMI AVE., ARCADIA CA 91077"
960001098,"4318 WEST VICTORY BLVD, BURBANK CA 91505"
960001099,"701 28TH STREET  SUITE 419, LONG BEACH CA 90806"
960001100,"727 W. 7TH STREET, SUITE #630, LOS ANGELES CA 90017"
960001102,"8955 GOLD CREEK ROAD, LAKEVIEW TERRACE CA 91342"
960001116,"2700 EAST SLAUSON BLVD., #300, HUNTINGTON PARK CA 90255"
960001117,"1930 WILSHIRE BVLD  SUITE 301, LOS ANGELESLS CA 90057"
960001118,"1200 ROSECRANS, #101, MANHATTAN BEACH CA 90266"
960001124,"300 S. PARK AVE., #745, POMONA CA 91766"
960001127,"490 W. 14TH STREET, LONG BEACH CA 90813"
960001139,"318 LINCOLN BLVD., VENICE CA 90291"
960001142,"2601 W. ALAMEDA, #308, BURBANK CA 91505"
960001147,"420 EAST 3RD STREET, #720, LOS ANGELES CA 90013"
960001158,"7030 HAYVENHURST, VAN NUYS CA 91406"
960001159,"7030 HAYVENHURST, VAN NUYS CA 91406"
960001160,"1605 EAST PALMDALE BLVD   SUITE A, PALMDALE CA 93550"
960001178,"1720 WEST BEVERLY BLVD., LOS ANGELES CA 90026"
960001179,"6423 FLORENCE #101&2, BELL GARDENS CA 90201"
960001185,"3550 WEST SIXTH STREET, LOS ANGELES CA 90020"
960001193,"8635 WEST 3RD STREET, #360W, LOS ANGELES CA 90048"
960001200,"6411 HOLLYWOOD BLVD., LOS ANGELES CA 90028"
960001205,"1323 WEST COVINA PKY, WEST COVINA CA 91790"
960001206,"11769 TELEGRAPH ROAD, SANTA FE SPRINGS CA 90670"
960001208,"2854 LANCASTER #359, LOS ANGELES CA 90033"
960001209,"1339 20TH STREET, SANTA MONICA CA 90404"
960001215,"8737 BEVERLY BLVD  302, LOS ANGELES CA 90048"
960001217,"1955 FREMONT AVENUE, SOUTH PASADENA CA 91030"
960001226,"323 NORTH PRAIRIE AVENUE, #320, INGLEWOOD CA 90301"
960001237,"3625 MARTIN LUTHER KING BLVD., #7, LYNWOOD CA 90262"
960001245,"75 N. SANTA ANITA AVE., SUITE 107, ARCADIA CA 91006"
960001249,"1530 EAST COLORADO STREET, GLENDALE CA 91205"
960001251,"2300 SOUTH HOPE STREET, #300, LOS ANGELES CA 90007"
960001263,"7340 FIRESTONE BLVD. STE 131, DOWNEY CA 90241"
960001264,"255 SO. OAK KNOLL, PASADENA CA 91101"
960001266,"15528 E. AMAR RD., LA PUENTE CA 91744"
960001278,"8515 FLORENCE AVENUE, SUITE 203, DOWNEY CA 90240"
960001283,"18401 BURBANK BLVD., #107, TARZANA CA 91356"
960001284,"2008 NORTH GAREY AVENUE, #2B, POMONA CA 91767"
960001285,"2008 NORTH GAREY AVENUE, #2B, POMONA CA 91767"
960001293,"8635 W. THIRD ST., SUITE 980W, LOS ANGELES CA 90048"
960001294,"501 DEEP VALLEY DRIVE  200, ROLLING HILLS ESTATE CA 90274"
960001299,"15229 E AMAR ROAD, LA PUENTE CA 91744"
960001304,"700 N. DIAMOND BAR, #C, DIAMOND BAR CA 91765"
960001307,"11721 A TELEGRAPH RD., SANTA FE SPRINGS CA 90670"
960001339,"3200 MOTOR AVE, LOS ANGELES CA 90034"
960001349,"710 E. 111TH PL., LOS ANGELES CA 90059"
960001369,"13130 BURBANK BLVD., VAN NUYS CA 91407"
960001401,"2101 MAGNOLIA AVE., LONG BEACH CA 90806"
960001402,"1701 ZONAL AVE., LOS ANGELES CA 90033"
960001410,"8732 SOUTH WESTERN AVE., LOS ANGELES CA 90047"
960001411,"8520 SOUTH BROADWAY, LOS ANGELES CA 90003"
960001454,"12522 E LAMBERT, WHITTIER CA 90606"
960001468,"3878 CARSON STREET SUITE 100, TORRANCE CA 90503"
960001469,"5455 WILSHIRE BLVD., #707, LOS ANGELES CA 90036"
960001470,"5455 WILSHIRE BLVD., #707, LOS ANGELES CA 90036"
960001472,"23603 PARK SORRENTO, #101, CALABASAS CA 91302"
960001477,"17510 S PIONEER BLVD  202, ARTESIA CA 90701"
960001478,"17510 S PIONEER BLVD   202, ARTESIA CA 90701"
960001479,"23734 W VALENCIA BLVD   203, VALENCIA CA 91355"
960001481,"16311 VENTURA BLVD   860, ENCINO CA 91436"
960001486,"111 N. LA BREA AVE. STE. 202, INGLEWOOD CA 90301"
960001489,"4007 PARAMOUNT BLVD., #104, LAKEWOOD CA 90712"
960001493,"6363 WILSHIRE BLVD  SUITE 204, LOS ANGELES CA 90048"
960001501,"750 W ALOSTA AVE   SUITE N, GLENDORA CA 91740"
960001528,"439 WEST 97TH STREET, LOS ANGELES CA 90003"
960001536,"4601 LINCOLN BLVD, MARINA DEL REY CA 90292"
960001537,"2625 W ALAMEDA BLVD  SUITE 102, BURBANK CA 91505"
960001538,"2625 W  ALAMEDA BLVD  SUITE 102, BURBANK CA 91505"
960001539,"2625 W ALAMEDA BLVD   102, BURBANK CA 91505"
960001540,"433 NORTH 4TH STREET   102, MONTEBELLO CA 90640"
960001543,"9400 BRIGHTON WAY SUITE 101, BEVERLY HILLS CA 90210"
960001576,"1111 W COVINA BLVD   100, SAN DIMAS CA 91773"
960001590,"2601 W ALAMEDA AVE  308, BURBANK CA 91505"
960001609,"1300 N. VERMONT AVE. #510, LOS ANGELES CA 90027"
960001617,"3871 E COLORADO BLVD 100, PASADENA CA 91107"
960001618,"16542 VENTURA BLVD., STE. #500, ENCINO CA 91436"
960001628,"11631 VICTORY BLVD #203, NORTH HOLLYWOOD CA 91606"
960001630,"727 W 7TH STREET  630, LOS ANGELES CA 90017"
960001631,"727 W. 7TH STREE, #630, LOS ANGELES CA 90017"
960001632,"7325 MEDICAL CENTER DR., SUITE 201, WEST HILLS CA 91307"
960001635,"234 S PACIFIC COAST HWY   207, REDONDO BEACH CA 90277"
960001644,"9829 CARMENITA RD    D & E, WHITTIER CA 90605"
960001653,"4007 PARAMOUNT BLVD STE 104, LAKEWOOD CA 90712"
960001658,"9901 PARAMOUNT BLVD  116, DOWNEY CA 90240"
960001660,"410 W ARDEN AVENUE   102, GLENDALE CA 91203"
960001661,"1346 FOOTHILL BLVD   101, LA CANADA CA 91011"
960001708,"8727 LA TIJERA BLVD   SUITE A, LOS ANGELES CA 90045"
960001727,"6815 NOBLE AVE., SUITE 100, VAN NUYS CA 91405"
960001739,"5363 BALBOA BLVD, STE. 237, ENCINO CA 91405"
960001746,"16444 PARAMOUNT BLVD   101, PARAMOUNT CA 90723"
960001824,"753 S. ARROYO PARKWAY, PASADENA CA 91105"
960001828,"1331 W. AVENUE J., SUITE 201, LANCASTER CA 93534"
960001835,"16542 VENTURA BLVD., SUITE 315, ENCINO CA 91436"
960001837,"16260 VENTURA BLVD., SUITE 600, ENCINO CA 91436"
960001853,"1331 AVENUE J WEST, LANCASTER CA 93543"
960001854,"410 E. MERCED STREET, SUITE D, WEST COVINA CA 91790"
960001855,"3475 TORRANCE BLVD., SUITE D, TORRANCE CA 90503"
960001857,"1505 W  AVENUE J   SUITE 102, LANCASTER CA 93534"
960001858,"7301 MEDICAL CENTER DR   102, WEST HILLS CA 91307"
960001880,"18740 VENTURA BLVD., STE. 100, TARZANA CA 91356"
960001891,"4640 ADMIRALTY WAY, STE. 102, MARINA DEL REY CA 90292"
960001892,"17525 VENTURA BLVD SUITE 203, ENCINO CA 91316"
960001893,"415 W. ALOSTA AVE., STE. 102, GLENDORA CA 91740"
960001919,"1300 W. SIXTH STREET, SAN PEDRO CA 90732"
960001971,"14116 MAGNOLIA BLVD., SHERMAN OAKS CA 91423"
960001983,"1141 N. BRAND BLVD., STE. 504, GLENDALE CA 91202"
960002031,"2222 SANTA MONICA BLVD SUITE 107, SANTA MONICA CA 90404"
960002032,"436 N BEDFORD DR #301, BEVERLY HILLS CA 90210"
960002053,"2017 PALO VERDE AVE., STE 101, LONG BEACH CA 90815"
960002110,"2080 CENTURY PARK EAST  SUITE 205, LOS ANGELES CA 90067"
960002111,"2080 CENTURY PARK EAST  SUITE 205, LOS ANGELES CA 90067"
960002117,"18425 BURBANK BLVD. SUITE 413, TARZANA CA 91356"
960002121,"1227 LINCOLN BLVD  SUITE 222, SANTA MONICA CA 90601"
960002122,"2219 S HACIENDA BLVD  SUITE 204, HACIENDA HEIGHTS CA 91745"
960002129,"2516 TORRANCE BLVD, TORRANCE CA 90501"
960002147,"5115 CLARETON DRIVE, AGOURA HILLS CA 91301"
960002156,"22601 PACIFIC COAST HWY   250, MALIBU CA 90265"
960002162,"22235 SHERMAN WAY, CANOGA PARK CA 91303"
960002164,"7301 MEDICAL CENTER DRIVE  102, WEST HILLS CA 91307"
960002166,"1019 N  FAIRFAX SUITE 101, LOS ANGELES CA 90046"
960002172,"1017 S FAIR OAKS, PASADENA CA 91105"
960002201,"1355 REDONDO AVE SUITE 1, LONG BEACH CA 90804"
960002206,"6200 WILSHIRE BLVD  SUITE 906, LOS ANGELES CA 90048"
960002246,"671 NAOMI AVENUE, ARCADIA CA 91007"
960002251,"2080 CENTURY PARK EAST, SUITE 500, LOS ANGELES CA 90067"
960002252,"3475 TORRANCE BLVD  SUITE D, TORRANCE CA 90503"
960002266,"4720 LINCOLN BLVD  SUITE 321, MARINA DEL REY CA 90292"
960002287,"2516 TORRANCE BLVD, TORRANCE CA 90501"
960002289,"2222 SANTA MONICA BLVD (#107), SANTA MONICA CA 90404"
960002329,"700 E. DEL AMO, LONG BEACH CA 90807"
960002342,"822 S ROBERTSON BLVD SUITE 310, LOS ANGELES CA 90035"
960002428,"1064 N HACIENDA BLVD, LA PUENTE CA 91744"
960002429,"833 SOUTH CORONADO ST., LOS ANGELES CA 90057"
960002430,"8540 S SEPULVEDA BLVD SUITE 1002, LOS ANGELES CA 90045"
960002515,"15827 RUSSELL STREET, WHITTIER CA 90603"
960002516,"15827 RUSSELL STREET, WHITTIER CA 90603"
960002611,"14140 MAGNOLIA BLVD., SHERMAN OAKS CA 91423"
960002612,"1403 W. LOMITA BLVD. SUITE 100, HARBOR CITY CA 90710"
960002631,"9461 FLOWER STREET, BELLFLOWER CA 90706"
960002678,"23441 MADISON ST. STE. 330, BUILDING 8, TORRANCE CA 90505"
960002747,"12675 LA MIRADA BLVD. #305, LA MIRADA CA 90638"
960002754,"10667 WHITE OAK AVE, GRANADA HILLS CA 91344"
960002755,"101 S. FIRST STREET, SUITE 1400, BURBANK CA 91502"
960002862,"1334 E. PALMDALE BLVD., PALMDALE CA 93550"
980000416,"7301 MEDICAL CTR DR., CANOGA PARK CA 91307"
980001127,"1386-B WEST SEVENTH STREET, SAN PEDRO CA 90732"
980001320,"14354 SAN ARDO DRIVE, LA MIRADA CA 90638"
980002230,"12135 RIVERSIDE DRIVE, VALLEY VILLAGE CA 91607"
980002242,"4515 EAGLE ROCK BLVD, LOS ANGELES CA 90041"
980002356,"680 WILSHIRE PLACE, LOS ANGELES CA 90005"
980002459,"12440 FIRESTONE BLVD, NORWALK CA 90650"
